,日期,股票代码,名称,收盘价,最高价,最低价,开盘价,前收盘,涨跌额,涨跌幅,换手率,成交量,成交金额,总市值,流通市值
0,2019-12-10,601658,N邮储,5.61,5.65,5.53,5.6,5.5,0.11,2.0,54.4545,1619472912.0,9048900573.0,487949733942.0,16684096786.2
1,2019-12-11,601658,邮储银行,5.63,5.64,5.55,5.58,5.61,0.02,0.3565,15.5813,463386264.0,2586905784.0,489689305186.0,16743576632.1
2,2019-12-12,601658,邮储银行,5.6,5.61,5.56,5.6,5.63,-0.03,-0.5329,7.5559,224711848.0,1255128504.0,487079948320.0,16654356863.2
3,2019-12-13,601658,邮储银行,5.59,5.61,5.58,5.61,5.6,-0.01,-0.1786,5.2803,157036724.0,878386009.0,486210162698.0,16624616940.2
4,2019-12-16,601658,邮储银行,5.58,5.59,5.56,5.59,5.59,-0.01,-0.1789,4.8378,143874990.0,801426854.0,485340377076.0,16594877017.3
5,2019-12-17,601658,邮储银行,5.85,6.14,5.56,5.58,5.58,0.27,4.8387,15.337,456119850.0,2651899251.0,508824588870.0,17397854937.5
6,2019-12-18,601658,邮储银行,5.72,5.84,5.71,5.78,5.85,-0.13,-2.2222,7.3996,220064205.0,1268629909.0,497517375784.0,17011235938.8
7,2019-12-19,601658,邮储银行,5.74,5.83,5.7,5.73,5.72,0.02,0.3497,4.742,141028076.0,811746305.0,499256947028.0,17070715784.8
8,2019-12-20,601658,邮储银行,5.75,5.84,5.72,5.75,5.74,0.01,0.1742,5.9261,176243052.0,1017976197.0,500126732650.0,17100455707.8
9,2019-12-23,601658,邮储银行,5.82,5.88,5.74,5.76,5.75,0.07,1.2174,5.7498,170998638.0,994892791.0,506215232004.0,17308635168.5
10,2019-12-24,601658,邮储银行,5.8,5.83,5.74,5.83,5.82,-0.02,-0.3436,4.4112,131189734.0,758582939.0,504475660760.0,17249155322.6
11,2019-12-25,601658,邮储银行,5.69,5.8,5.68,5.78,5.8,-0.11,-1.8966,5.2736,156835820.0,898134028.0,494908018918.0,16922016169.9
12,2019-12-26,601658,邮储银行,5.69,5.69,5.63,5.68,5.69,0.0,0.0,3.9871,118575693.0,670892421.0,494908018918.0,16922016169.9
13,2019-12-27,601658,邮储银行,5.74,5.76,5.67,5.68,5.69,0.05,0.8787,4.4017,130905932.0,749825057.0,499256947028.0,17070715784.8
14,2019-12-30,601658,邮储银行,5.81,5.91,5.66,5.71,5.74,0.07,1.2195,6.0173,178952754.0,1039987974.0,505345446382.0,17278895245.6
15,2019-12-31,601658,邮储银行,5.86,5.88,5.79,5.8,5.81,0.05,0.8606,4.1171,122443080.0,715889070.0,509694374492.0,17427594860.4
16,2020-01-02,601658,邮储银行,5.93,6.02,5.9,5.9,5.86,0.07,1.1945,5.1051,151823798.0,905022463.0,515782873846.0,17635774321.2
17,2020-01-03,601658,邮储银行,5.98,6.01,5.85,5.93,5.93,0.05,0.8432,4.5874,136428136.0,808288531.0,520131801956.0,17784473936.1
18,2020-01-06,601658,邮储银行,5.91,5.97,5.87,5.94,5.98,-0.07,-1.1706,2.9727,88407694.0,523720072.0,514043302602.0,17576294475.3
19,2020-01-07,601658,邮储银行,5.92,5.94,5.88,5.89,5.91,0.01,0.1692,1.7963,53421082.0,315750308.0,514913088224.0,17606034398.2
20,2020-01-08,601658,邮储银行,5.85,5.89,5.81,5.88,5.92,-0.07,-1.1824,3.0971,92108345.0,539743079.0,508824588870.0,17397854937.5
21,2020-01-09,601658,邮储银行,5.87,5.88,5.8,5.85,5.85,0.02,0.3419,2.0733,61659192.0,360115912.0,510564160114.0,17457334783.4
22,2020-01-10,601658,邮储银行,5.9,5.92,5.82,5.85,5.87,0.03,0.5111,2.3361,69474844.0,407778105.0,513173516980.0,17546554552.3
23,2020-01-13,601658,邮储银行,5.79,5.88,5.76,5.87,5.9,-0.11,-1.8644,5.8327,173463656.0,1007044510.0,503605875138.0,17219415399.6
24,2020-01-14,601658,邮储银行,5.76,5.79,5.75,5.79,5.79,-0.03,-0.5181,3.6122,107426682.0,619921387.0,500996518272.0,17130195630.7
25,2020-01-15,601658,邮储银行,5.7,5.76,5.7,5.75,5.76,-0.06,-1.0417,2.2425,66690964.0,382018233.0,495777804540.0,16951756092.9
26,2020-01-16,601658,邮储银行,5.64,5.73,5.64,5.72,5.7,-0.06,-1.0526,2.7555,81947017.0,464438544.0,490559090808.0,16773316555.1
27,2020-01-17,601658,邮储银行,5.67,5.71,5.66,5.66,5.64,0.03,0.5319,1.9167,57003597.0,323989585.0,493168447674.0,16862536324.0
28,2020-01-20,601658,邮储银行,5.72,5.73,5.68,5.68,5.67,0.05,0.8818,1.7322,51514468.0,294220504.0,497517375784.0,17011235938.8
29,2020-01-21,601658,邮储银行,5.66,5.73,5.66,5.71,5.72,-0.06,-1.049,1.465,43568345.0,247628118.0,492298662052.0,16832796401.0
30,2020-01-22,601658,邮储银行,5.71,5.73,5.6,5.65,5.66,0.05,0.8834,2.2661,67394500.0,382449595.0,496647590162.0,16981496015.9
31,2020-01-23,601658,邮储银行,5.67,5.69,5.57,5.68,5.71,-0.04,-0.7005,2.1814,64874834.0,365265665.0,493168447674.0,16862536324.0
32,2020-02-03,601658,邮储银行,5.5,5.56,5.21,5.38,5.67,-0.17,-2.9982,5.9503,176961451.0,953108932.0,478382092100.0,16356957633.5
33,2020-02-04,601658,邮储银行,5.54,5.55,5.42,5.42,5.5,0.04,0.7273,3.2586,96911067.0,531487857.0,481861234588.0,16475917325.4
34,2020-02-05,601658,邮储银行,5.5,5.54,5.46,5.51,5.54,-0.04,-0.722,2.8758,85526603.0,470326376.0,478382092100.0,16356957633.5
35,2020-02-06,601658,邮储银行,5.52,5.52,5.47,5.51,5.5,0.02,0.3636,2.5503,75845643.0,417002587.0,480121663344.0,16416437479.4
36,2020-02-07,601658,邮储银行,5.5,5.5,5.45,5.5,5.52,-0.02,-0.3623,2.8281,84106442.0,460296388.0,478382092100.0,16356957633.5
37,2020-02-10,601658,邮储银行,5.51,5.51,5.44,5.47,5.5,0.01,0.1818,2.9011,86279516.0,472076521.0,479251877722.0,16386697556.5
38,2020-02-11,601658,邮储银行,5.51,5.53,5.47,5.49,5.51,0.0,0.0,1.5171,45118758.0,248425927.0,479251877722.0,16386697556.5
39,2020-02-12,601658,邮储银行,5.5,5.5,5.46,5.49,5.51,-0.01,-0.1815,1.1753,34954140.0,191802003.0,478382092100.0,16356957633.5
40,2020-02-13,601658,邮储银行,5.5,5.51,5.46,5.5,5.5,0.0,0.0,1.6018,47636304.0,261156710.0,478382092100.0,16356957633.5
41,2020-02-14,601658,邮储银行,5.5,5.5,5.47,5.48,5.5,0.0,0.0,1.0927,32497450.0,178394552.0,478382092100.0,16356957633.5
42,2020-02-17,601658,邮储银行,5.56,5.56,5.48,5.49,5.5,0.06,1.0909,2.4253,72127754.0,398249470.0,483600805832.0,16535397171.3
43,2020-02-18,601658,邮储银行,5.52,5.54,5.49,5.54,5.56,-0.04,-0.7194,2.0103,59786603.0,329300927.0,480121663344.0,16416437479.4
44,2020-02-19,601658,邮储银行,5.5,5.52,5.49,5.5,5.52,-0.02,-0.3623,1.2927,38443822.0,211473228.0,478382092100.0,16356957633.5
45,2020-02-20,601658,邮储银行,5.56,5.58,5.48,5.5,5.5,0.06,1.0909,3.1044,92325644.0,510405830.0,483600805832.0,16535397171.3
46,2020-02-21,601658,邮储银行,5.52,5.56,5.51,5.53,5.56,-0.04,-0.7194,2.275,67659740.0,374241562.0,480121663344.0,16416437479.4
47,2020-02-24,601658,邮储银行,5.5,5.52,5.49,5.5,5.52,-0.02,-0.3623,1.8488,54982652.0,302330908.0,478382092100.0,16356957633.5
48,2020-02-25,601658,邮储银行,5.5,5.5,5.46,5.48,5.5,0.0,0.0,2.7483,81734852.0,448032114.0,478382092100.0,16356957633.5
49,2020-02-26,601658,邮储银行,5.52,5.57,5.48,5.48,5.5,0.02,0.3636,2.4348,72411642.0,400447837.0,480121663344.0,16416437479.4
50,2020-02-27,601658,邮储银行,5.52,5.55,5.49,5.51,5.52,0.0,0.0,1.7976,53460459.0,294545236.0,480121663344.0,16416437479.4
51,2020-02-28,601658,邮储银行,5.5,5.52,5.47,5.49,5.52,-0.02,-0.3623,2.0375,60596071.0,332798073.0,478382092100.0,16356957633.5
52,2020-03-02,601658,邮储银行,5.53,5.53,5.48,5.49,5.5,0.03,0.5455,2.1406,63661948.0,350909656.0,480991448966.0,16446177402.4
53,2020-03-03,601658,邮储银行,5.52,5.56,5.5,5.53,5.53,-0.01,-0.1808,2.0924,62227280.0,343972867.0,480121663344.0,16416437479.4
54,2020-03-04,601658,邮储银行,5.5,5.51,5.48,5.5,5.52,-0.02,-0.3623,1.4948,44454221.0,244199481.0,478382092100.0,16356957633.5
55,2020-03-05,601658,邮储银行,5.62,5.7,5.5,5.5,5.5,0.12,2.1818,5.38,160000595.0,897360467.0,488819519564.0,16713836709.1
56,2020-03-06,601658,邮储银行,5.51,5.56,5.5,5.56,5.62,-0.11,-1.9573,2.31,68697890.0,379372129.0,479251877722.0,16386697556.5
57,2020-03-09,601658,邮储银行,5.49,5.5,5.47,5.48,5.51,-0.02,-0.363,2.2505,66929367.0,367007260.0,477512306478.0,16327217710.5
58,2020-03-10,601658,邮储银行,5.5,5.5,5.42,5.46,5.49,0.01,0.1821,1.8588,55281095.0,302374020.0,478382092100.0,16356957633.5
59,2020-03-11,601658,邮储银行,5.51,5.51,5.47,5.49,5.5,0.01,0.1818,1.3627,40526422.0,222386772.0,479251877722.0,16386697556.5
60,2020-03-12,601658,邮储银行,5.51,5.54,5.48,5.5,5.51,0.0,0.0,1.3346,39689935.0,218318654.0,479251877722.0,16386697556.5
61,2020-03-13,601658,邮储银行,5.55,5.55,5.37,5.45,5.51,0.04,0.726,3.3269,98940727.0,540599297.0,482731020210.0,16505657248.4
62,2020-03-16,601658,邮储银行,5.44,5.52,5.43,5.52,5.55,-0.11,-1.982,2.2224,66094422.0,361554997.0,473163378368.0,16178518095.7
63,2020-03-17,601658,邮储银行,5.37,5.46,5.35,5.42,5.44,-0.07,-1.2868,1.4488,43085720.0,232226967.0,467074879014.0,15970338634.9
64,2020-03-18,601658,邮储银行,5.3,5.4,5.3,5.38,5.37,-0.07,-1.3035,1.0313,30672237.0,164211731.0,460986379660.0,15762159174.1
65,2020-03-19,601658,邮储银行,5.23,5.28,5.17,5.26,5.3,-0.07,-1.3208,1.3728,40825651.0,212867629.0,454897880306.0,15553979713.3
66,2020-03-20,601658,邮储银行,5.26,5.26,5.21,5.23,5.23,0.03,0.5736,0.781,23225842.0,121675198.0,457507237172.0,15643199482.2
67,2020-03-23,601658,邮储银行,5.08,5.18,5.08,5.15,5.26,-0.18,-3.4221,1.0341,30755312.0,157597331.0,441851095976.0,15107880868.8
68,2020-03-24,601658,邮储银行,5.14,5.16,5.05,5.13,5.08,0.06,1.1811,1.1336,33714143.0,172372473.0,447069809708.0,15286320406.6
69,2020-03-25,601658,邮储银行,5.17,5.26,5.13,5.21,5.14,0.03,0.5837,1.8966,56404876.0,292631505.0,449679166574.0,15375540175.5
70,2020-03-26,601658,邮储银行,5.28,5.35,5.15,5.17,5.17,0.11,2.1277,2.1804,64845855.0,341744379.0,459246808416.0,15702679328.2
71,2020-03-27,601658,邮储银行,5.3,5.35,5.24,5.3,5.28,0.02,0.3788,1.3767,40941872.0,216636931.0,460986379660.0,15762159174.1
72,2020-03-30,601658,邮储银行,5.26,5.27,5.18,5.25,5.3,-0.04,-0.7547,0.9864,29334189.0,153081476.0,457507237172.0,15643199482.2
73,2020-03-31,601658,邮储银行,5.27,5.29,5.22,5.26,5.26,0.01,0.1901,0.5321,15823551.0,83171554.0,458377022794.0,15672939405.2
74,2020-04-01,601658,邮储银行,5.26,5.27,5.22,5.26,5.27,-0.01,-0.1898,0.5014,14910314.0,78229233.0,457507237172.0,15643199482.2
75,2020-04-02,601658,邮储银行,5.27,5.27,5.21,5.23,5.26,0.01,0.1901,0.6718,19979418.0,104644100.0,458377022794.0,15672939405.2
76,2020-04-03,601658,邮储银行,5.26,5.27,5.23,5.25,5.27,-0.01,-0.1898,0.379,11272065.0,59132880.0,457507237172.0,15643199482.2
77,2020-04-07,601658,邮储银行,5.29,5.3,5.27,5.29,5.26,0.03,0.5703,0.6548,19474050.0,102978259.0,460116594038.0,15732419251.1
78,2020-04-08,601658,邮储银行,5.27,5.29,5.25,5.28,5.29,-0.02,-0.3781,0.4076,12121542.0,63810406.0,458377022794.0,15672939405.2
79,2020-04-09,601658,邮储银行,5.26,5.29,5.22,5.28,5.27,-0.01,-0.1898,0.704,20937071.0,109970798.0,457507237172.0,15643199482.2
80,2020-04-10,601658,邮储银行,5.24,5.26,5.23,5.26,5.26,-0.02,-0.3802,0.4976,14799846.0,77614762.0,455767665928.0,15583719636.3
81,2020-04-13,601658,邮储银行,5.24,5.25,5.2,5.23,5.24,0.0,0.0,0.6068,18045077.0,94210529.0,455767665928.0,15583719636.3
82,2020-04-14,601658,邮储银行,5.26,5.26,5.22,5.23,5.24,0.02,0.3817,0.5069,15074546.0,78964163.0,457507237172.0,15643199482.2
83,2020-04-15,601658,邮储银行,5.25,5.28,5.23,5.28,5.26,-0.01,-0.1901,0.3821,11363683.0,59619948.0,456637451550.0,15613459559.2
84,2020-04-16,601658,邮储银行,5.24,5.25,5.2,5.24,5.25,-0.01,-0.1905,0.9048,26907935.0,140494682.0,455767665928.0,15583719636.3
85,2020-04-17,601658,邮储银行,5.26,5.26,5.21,5.24,5.24,0.02,0.3817,0.9974,29661326.0,155335223.0,457507237172.0,15643199482.2
86,2020-04-20,601658,邮储银行,5.23,5.25,5.21,5.25,5.26,-0.03,-0.5703,0.5385,16013588.0,83657790.0,454897880306.0,15553979713.3
87,2020-04-21,601658,邮储银行,5.19,5.23,5.18,5.2,5.23,-0.04,-0.7648,0.4346,12924296.0,67207218.0,451418737818.0,15435020021.4
88,2020-04-22,601658,邮储银行,5.15,5.18,5.14,5.18,5.19,-0.04,-0.7707,0.6122,18207989.0,93863222.0,447939595330.0,15316060329.5
89,2020-04-23,601658,邮储银行,5.1,5.16,5.1,5.16,5.15,-0.05,-0.9709,0.6004,17854457.0,91361072.0,443590667220.0,15167360714.7
90,2020-04-24,601658,邮储银行,5.06,5.1,5.05,5.1,5.1,-0.04,-0.7843,0.752,22364386.0,113307980.0,440111524732.0,15048401022.8
91,2020-04-27,601658,邮储银行,5.07,5.13,5.06,5.07,5.06,0.01,0.1976,0.9769,29051636.0,147881151.0,440981310354.0,15078140945.8
92,2020-04-28,601658,邮储银行,5.02,5.07,4.94,5.06,5.07,-0.05,-0.9862,0.9136,27169484.0,136145301.0,436632382244.0,14929441330.9
93,2020-04-29,601658,邮储银行,5.13,5.13,5.02,5.02,5.02,0.11,2.1912,1.2739,37886300.0,193285013.0,446200024086.0,15256580483.6
94,2020-04-30,601658,邮储银行,5.22,5.23,5.14,5.15,5.13,0.09,1.7544,1.3702,40750390.0,211775397.0,454028094684.0,15524239790.3
95,2020-05-06,601658,邮储银行,5.16,5.17,5.11,5.16,5.22,-0.06,-1.1494,1.5476,46024693.0,236244277.0,448809380952.0,15345800252.5
96,2020-05-07,601658,邮储银行,5.15,5.15,5.12,5.14,5.16,-0.01,-0.1938,0.7469,22213204.0,113986758.0,447939595330.0,15316060329.5
97,2020-05-08,601658,邮储银行,5.17,5.18,5.14,5.14,5.15,0.02,0.3883,0.6928,20602461.0,106317531.0,449679166574.0,15375540175.5
98,2020-05-11,601658,邮储银行,5.18,5.19,5.15,5.17,5.17,0.01,0.1934,0.76,22600855.0,116929484.0,450548952196.0,15405280098.5
99,2020-05-12,601658,邮储银行,5.16,5.22,5.15,5.18,5.18,-0.02,-0.3861,0.6768,20128500.0,104168119.0,448809380952.0,15345800252.5
100,2020-05-13,601658,邮储银行,5.15,5.16,5.11,5.15,5.16,-0.01,-0.1938,0.9675,28773969.0,147567971.0,447939595330.0,15316060329.5
101,2020-05-14,601658,邮储银行,5.1,5.14,5.06,5.14,5.15,-0.05,-0.9709,1.3379,39790161.0,202541903.0,443590667220.0,15167360714.7
102,2020-05-15,601658,邮储银行,5.08,5.09,5.04,5.08,5.1,-0.02,-0.3922,1.1035,32817453.0,166114866.0,441851095976.0,15107880868.8
103,2020-05-18,601658,邮储银行,5.07,5.08,5.03,5.08,5.08,-0.01,-0.1969,0.9606,28567615.0,144273255.0,440981310354.0,15078140945.8
104,2020-05-19,601658,邮储银行,5.1,5.1,5.06,5.07,5.07,0.03,0.5917,0.6445,19166739.0,97292686.0,443590667220.0,15167360714.7
105,2020-05-20,601658,邮储银行,5.1,5.11,5.07,5.09,5.1,0.0,0.0,0.4873,14492528.0,73737402.0,443590667220.0,15167360714.7
106,2020-05-21,601658,邮储银行,5.11,5.11,5.07,5.09,5.1,0.01,0.1961,0.6518,19383968.0,98695718.0,444460452842.0,15197100637.7
107,2020-05-22,601658,邮储银行,5.08,5.1,5.05,5.1,5.11,-0.03,-0.5871,0.6719,19981645.0,101242602.0,441851095976.0,15107880868.8
108,2020-05-25,601658,邮储银行,5.09,5.09,5.04,5.07,5.08,0.01,0.1969,0.6945,20654426.0,104580665.0,442720881598.0,15137620791.7
109,2020-05-26,601658,邮储银行,5.09,5.11,5.07,5.09,5.09,0.0,0.0,0.6245,18572282.0,94354696.0,442720881598.0,15137620791.7
110,2020-05-27,601658,邮储银行,5.08,5.09,5.04,5.09,5.09,-0.01,-0.1965,0.8016,23841008.0,120774299.0,441851095976.0,15107880868.8
111,2020-05-28,601658,邮储银行,5.1,5.11,5.05,5.08,5.08,0.02,0.3937,1.2987,38624237.0,196491233.0,443590667220.0,15167360714.7
112,2020-05-29,601658,邮储银行,5.08,5.09,5.04,5.07,5.1,-0.02,-0.3922,1.277,37978282.0,192245388.0,441851095976.0,15107880868.8
113,2020-06-01,601658,邮储银行,5.1,5.11,5.08,5.09,5.08,0.02,0.3937,1.7058,50729922.0,258220485.0,443590667220.0,15167360714.7
114,2020-06-02,601658,邮储银行,5.1,5.1,5.07,5.09,5.1,0.0,0.0,1.1763,34983074.0,177759120.0,443590667220.0,15167360714.7
115,2020-06-03,601658,邮储银行,5.14,5.15,5.09,5.1,5.1,0.04,0.7843,1.5396,45786621.0,234742226.0,447069809708.0,15286320406.6
116,2020-06-04,601658,邮储银行,5.14,5.16,5.1,5.15,5.14,0.0,0.0,1.1996,35675986.0,182850717.0,447069809708.0,15286320406.6
117,2020-06-05,601658,邮储银行,5.15,5.15,5.11,5.12,5.14,0.01,0.1946,0.691,20551668.0,105379418.0,447939595330.0,15316060329.5
118,2020-06-08,601658,邮储银行,5.22,5.22,5.14,5.15,5.15,0.07,1.3592,1.724,51271285.0,266134489.0,454028094684.0,15524239790.3
119,2020-06-09,601658,邮储银行,5.22,5.27,5.19,5.22,5.22,0.0,0.0,1.3699,40739747.0,213076254.0,454028094684.0,15524239790.3
120,2020-06-10,601658,XD邮储银,4.85,4.89,4.71,4.88,5.01,-0.16,-3.1936,10.6216,412024653.0,1962215396.0,421846026670.0,18813747520.0
121,2020-06-11,601658,邮储银行,4.76,4.82,4.74,4.77,4.85,-0.09,-1.8557,4.2854,166235385.0,793245710.0,414017956072.0,18464626432.0
122,2020-06-12,601658,邮储银行,4.7,4.75,4.7,4.73,4.76,-0.06,-1.2605,4.4866,174041537.0,821642609.0,408799242340.0,18231879040.0
123,2020-06-15,601658,邮储银行,4.66,4.7,4.63,4.7,4.7,-0.04,-0.8511,2.9976,116282008.0,541808186.0,405320099852.0,18076714112.0
124,2020-06-16,601658,邮储银行,4.68,4.68,4.65,4.67,4.66,0.02,0.4292,1.7142,66496298.0,310154929.0,407059671096.0,18154296576.0
125,2020-06-17,601658,邮储银行,4.64,4.67,4.6,4.66,4.68,-0.04,-0.8547,1.8417,71443647.0,330839620.0,403580528608.0,17999131648.0
126,2020-06-18,601658,邮储银行,4.62,4.63,4.58,4.62,4.64,-0.02,-0.431,2.1679,84095589.0,386716159.0,401840957364.0,17921549184.0
127,2020-06-19,601658,邮储银行,4.62,4.62,4.58,4.61,4.62,0.0,0.0,2.2997,89210045.0,410241594.0,401840957364.0,17921549184.0
128,2020-06-22,601658,邮储银行,4.61,4.63,4.58,4.61,4.62,-0.01,-0.2165,2.245,87084732.0,401136553.0,400971171742.0,17882757952.0
129,2020-06-23,601658,邮储银行,4.56,4.6,4.55,4.59,4.61,-0.05,-1.0846,1.9211,74522088.0,340100042.0,396622243632.0,17688801792.0
130,2020-06-24,601658,邮储银行,4.58,4.6,4.55,4.56,4.56,0.02,0.4386,1.6627,64497470.0,295474646.0,398361814876.0,17766384256.0
131,2020-06-29,601658,邮储银行,4.55,4.62,4.54,4.6,4.58,-0.03,-0.655,1.7592,68241650.0,311968091.0,395752458010.0,17650010560.0
132,2020-06-30,601658,邮储银行,4.57,4.57,4.53,4.56,4.55,0.02,0.4396,1.5805,61311401.0,278769538.0,397492029254.0,17727593024.0
133,2020-07-01,601658,邮储银行,4.6,4.61,4.54,4.55,4.57,0.03,0.6565,1.9259,74707769.0,341970746.0,400101386120.0,17843966720.0
134,2020-07-02,601658,邮储银行,4.67,4.67,4.58,4.58,4.6,0.07,1.5217,4.1742,161922457.0,749827763.0,406189885474.0,18115505344.0
135,2020-07-03,601658,邮储银行,4.77,4.79,4.66,4.67,4.67,0.1,2.1413,4.6131,178948019.0,846892146.0,414887741694.0,18503417664.0
136,2020-07-06,601658,邮储银行,5.25,5.25,4.82,4.82,4.77,0.48,10.0629,9.1239,353926904.0,1785950174.0,456637451550.0,20365396800.0
137,2020-07-07,601658,邮储银行,5.19,5.5,5.12,5.49,5.25,-0.06,-1.1429,9.1772,355993381.0,1882912837.0,451418737818.0,20132649408.0
138,2020-07-08,601658,邮储银行,5.19,5.26,5.1,5.12,5.19,0.0,0.0,5.8367,226411234.0,1169506890.0,451418737818.0,20132649408.0
139,2020-07-09,601658,邮储银行,5.15,5.21,5.12,5.18,5.19,-0.04,-0.7707,4.1807,162173382.0,836557894.0,447939595330.0,19977484480.0
140,2020-07-10,601658,邮储银行,4.9,5.12,4.88,5.12,5.15,-0.25,-4.8544,5.6064,217479104.0,1083071059.0,426194954780.0,19007703680.0
141,2020-07-13,601658,邮储银行,4.94,4.96,4.84,4.86,4.9,0.04,0.8163,4.1799,162141617.0,795408592.0,429674097268.0,19162868608.0
142,2020-07-14,601658,邮储银行,4.88,4.94,4.84,4.9,4.94,-0.06,-1.2146,2.9736,115348961.0,563547831.0,424455383536.0,18930121216.0
143,2020-07-15,601658,邮储银行,4.81,4.9,4.79,4.89,4.88,-0.07,-1.4344,2.9062,112736990.0,544850098.0,418366884182.0,18658582592.0
144,2020-07-16,601658,邮储银行,4.77,4.88,4.76,4.82,4.81,-0.04,-0.8316,3.3671,130615857.0,628571681.0,414887741694.0,18503417664.0
145,2020-07-17,601658,邮储银行,4.72,4.79,4.68,4.78,4.77,-0.05,-1.0482,2.7783,107774429.0,509528570.0,410538813584.0,18309461504.0
146,2020-07-20,601658,邮储银行,4.81,4.82,4.71,4.73,4.72,0.09,1.9068,2.4324,94355381.0,450894512.0,418366884182.0,18658582592.0
147,2020-07-21,601658,邮储银行,4.77,4.84,4.75,4.83,4.81,-0.04,-0.8316,1.8483,71695905.0,342411223.0,414887741694.0,18503417664.0
148,2020-07-22,601658,邮储银行,4.79,4.84,4.74,4.78,4.77,0.02,0.4193,2.3992,93067116.0,445531178.0,416627312938.0,18581000128.0
149,2020-07-23,601658,邮储银行,4.71,4.77,4.65,4.75,4.79,-0.08,-1.6701,2.5558,99144523.0,467356166.0,409669027962.0,18270670272.0
150,2020-07-24,601658,邮储银行,4.62,4.73,4.6,4.7,4.71,-0.09,-1.9108,2.7614,107116513.0,498232170.0,401840957364.0,17921549184.0
151,2020-07-27,601658,邮储银行,4.59,4.64,4.57,4.62,4.62,-0.03,-0.6494,1.5789,61245696.0,281437810.0,399231600498.0,17805175488.0
152,2020-07-28,601658,邮储银行,4.61,4.64,4.59,4.6,4.59,0.02,0.4357,1.4118,54763854.0,252237701.0,400971171742.0,17882757952.0
153,2020-07-29,601658,邮储银行,4.66,4.66,4.58,4.6,4.61,0.05,1.0846,1.5562,60365084.0,279483586.0,405320099852.0,18076714112.0
154,2020-07-30,601658,邮储银行,4.63,4.67,4.62,4.65,4.66,-0.03,-0.6438,1.0759,41734841.0,193696875.0,402710742986.0,17960340416.0
155,2020-07-31,601658,邮储银行,4.64,4.66,4.62,4.63,4.63,0.01,0.216,1.2447,48282465.0,223949855.0,403580528608.0,17999131648.0
156,2020-08-03,601658,邮储银行,4.68,4.68,4.64,4.65,4.64,0.04,0.8621,1.6855,65382307.0,304684593.0,407059671096.0,18154296576.0
157,2020-08-04,601658,邮储银行,4.75,4.76,4.65,4.68,4.68,0.07,1.4957,2.5956,100684873.0,475345979.0,413148170450.0,18425835200.0
158,2020-08-05,601658,邮储银行,4.67,4.72,4.66,4.72,4.75,-0.08,-1.6842,1.7742,68822399.0,321995388.0,406189885474.0,18115505344.0
159,2020-08-06,601658,邮储银行,4.66,4.7,4.63,4.68,4.67,-0.01,-0.2141,1.6103,62465634.0,290929617.0,405320099852.0,18076714112.0
160,2020-08-07,601658,邮储银行,4.63,4.67,4.61,4.65,4.66,-0.03,-0.6438,1.3918,53988610.0,250170229.0,402710742986.0,17960340416.0
161,2020-08-10,601658,邮储银行,4.66,4.67,4.61,4.63,4.63,0.03,0.6479,1.1257,43666085.0,202925975.0,405320099852.0,18076714112.0
162,2020-08-11,601658,邮储银行,4.65,4.72,4.64,4.65,4.66,-0.01,-0.2146,1.7796,69031105.0,323270296.0,404450314230.0,18037922880.0
163,2020-08-12,601658,邮储银行,4.63,4.65,4.59,4.63,4.65,-0.02,-0.4301,1.8814,72981687.0,337312232.0,402710742986.0,17960340416.0
164,2020-08-13,601658,邮储银行,4.64,4.67,4.63,4.66,4.63,0.01,0.216,1.395,54112631.0,251402452.0,403580528608.0,17999131648.0
165,2020-08-14,601658,邮储银行,4.69,4.69,4.63,4.65,4.64,0.05,1.0776,1.4643,56802534.0,264568645.0,407929456718.0,18193087808.0
166,2020-08-17,601658,邮储银行,4.83,4.88,4.69,4.7,4.69,0.14,2.9851,5.5701,216070917.0,1037958661.0,420106455426.0,18736165056.0
167,2020-08-18,601658,邮储银行,4.78,4.83,4.75,4.8,4.83,-0.05,-1.0352,2.5688,99648275.0,475654629.0,415757527316.0,18542208896.0
168,2020-08-19,601658,邮储银行,4.77,4.82,4.74,4.77,4.78,-0.01,-0.2092,1.7312,67153978.0,321028435.0,414887741694.0,18503417664.0
169,2020-08-20,601658,邮储银行,4.7,4.76,4.7,4.75,4.77,-0.07,-1.4675,1.5244,59134603.0,279616177.0,408799242340.0,18231879040.0
170,2020-08-21,601658,邮储银行,4.72,4.73,4.7,4.72,4.7,0.02,0.4255,0.8496,32958534.0,155360170.0,410538813584.0,18309461504.0
171,2020-08-24,601658,邮储银行,4.69,4.72,4.68,4.71,4.72,-0.03,-0.6356,1.3418,52051469.0,244509098.0,407929456718.0,18193087808.0
172,2020-08-25,601658,邮储银行,4.68,4.72,4.66,4.7,4.69,-0.01,-0.2132,1.048,40652527.0,190604237.0,407059671096.0,18154296576.0
173,2020-08-26,601658,邮储银行,4.63,4.69,4.6,4.67,4.68,-0.05,-1.0684,1.5161,58812362.0,272866959.0,402710742986.0,17960340416.0
174,2020-08-27,601658,邮储银行,4.64,4.64,4.61,4.63,4.63,0.01,0.216,0.7952,30847526.0,142673248.0,403580528608.0,17999131648.0
175,2020-08-28,601658,邮储银行,4.68,4.68,4.61,4.63,4.64,0.04,0.8621,1.3936,54059183.0,251672557.0,407059671096.0,18154296576.0
176,2020-08-31,601658,邮储银行,4.62,4.69,4.62,4.68,4.68,-0.06,-1.2821,2.7299,105896943.0,492843693.0,401840957364.0,17921549184.0
177,2020-09-01,601658,邮储银行,4.63,4.65,4.6,4.61,4.62,0.01,0.2165,1.1864,46020587.0,212914649.0,402710742986.0,17960340416.0
178,2020-09-02,601658,邮储银行,4.61,4.65,4.59,4.64,4.63,-0.02,-0.432,1.2421,48181439.0,222093666.0,400971171742.0,17882757952.0
179,2020-09-03,601658,邮储银行,4.62,4.62,4.59,4.61,4.61,0.01,0.2169,0.9867,38276704.0,176167497.0,401840957364.0,17921549184.0
180,2020-09-04,601658,邮储银行,4.58,4.6,4.56,4.59,4.62,-0.04,-0.8658,1.1382,44152676.0,202018621.0,398361814876.0,17766384256.0
181,2020-09-07,601658,邮储银行,4.57,4.6,4.56,4.58,4.58,-0.01,-0.2183,0.9546,37028731.0,169536205.0,397492029254.0,17727593024.0
182,2020-09-08,601658,邮储银行,4.61,4.63,4.57,4.57,4.57,0.04,0.8753,1.2497,48477623.0,222954267.0,400971171742.0,17882757952.0
183,2020-09-09,601658,邮储银行,4.59,4.61,4.58,4.59,4.61,-0.02,-0.4338,1.2399,48096783.0,220937796.0,399231600498.0,17805175488.0
184,2020-09-10,601658,邮储银行,4.57,4.61,4.55,4.59,4.59,-0.02,-0.4357,1.1187,43395371.0,198622221.0,397492029254.0,17727593024.0
185,2020-09-11,601658,邮储银行,4.58,4.58,4.55,4.56,4.57,0.01,0.2188,0.7999,31029052.0,141737858.0,398361814876.0,17766384256.0
186,2020-09-14,601658,邮储银行,4.59,4.6,4.56,4.59,4.58,0.01,0.2183,0.7163,27784999.0,127265294.0,399231600498.0,17805175488.0
187,2020-09-15,601658,邮储银行,4.58,4.59,4.57,4.59,4.59,-0.01,-0.2179,0.5729,22223121.0,101827246.0,398361814876.0,17766384256.0
188,2020-09-16,601658,邮储银行,4.58,4.6,4.57,4.59,4.58,0.0,0.0,0.7627,29585920.0,135479091.0,398361814876.0,17766384256.0
189,2020-09-17,601658,邮储银行,4.57,4.58,4.56,4.58,4.58,-0.01,-0.2183,0.6007,23302835.0,106464415.0,397492029254.0,17727593024.0
190,2020-09-18,601658,邮储银行,4.62,4.62,4.56,4.57,4.57,0.05,1.0941,1.3084,50756337.0,233148315.0,401840957364.0,17921549184.0
191,2020-09-21,601658,邮储银行,4.6,4.63,4.59,4.62,4.62,-0.02,-0.4329,0.7698,29862817.0,137476096.0,400101386120.0,17843966720.0
192,2020-09-22,601658,邮储银行,4.57,4.62,4.56,4.58,4.6,-0.03,-0.6522,1.0595,41097626.0,188188017.0,397492029254.0,17727593024.0
193,2020-09-23,601658,邮储银行,4.56,4.58,4.55,4.58,4.57,-0.01,-0.2188,0.9612,37287516.0,169942171.0,396622243632.0,17688801792.0
194,2020-09-24,601658,邮储银行,4.49,4.55,4.49,4.55,4.56,-0.07,-1.5351,1.2887,49991206.0,225506191.0,390533744278.0,17417263168.0
195,2020-09-25,601658,邮储银行,4.49,4.51,4.48,4.49,4.49,0.0,0.0,0.5684,22050706.0,99141074.0,390533744278.0,17417263168.0
196,2020-09-28,601658,邮储银行,4.5,4.51,4.47,4.49,4.49,0.01,0.2227,0.6624,25696718.0,115355526.0,391403529900.0,17456054400.0
197,2020-09-29,601658,邮储银行,4.53,4.54,4.49,4.5,4.5,0.03,0.6667,0.8039,31184184.0,140680155.0,394012886766.0,17572428096.0
198,2020-09-30,601658,邮储银行,4.51,4.54,4.5,4.52,4.53,-0.02,-0.4415,0.5524,21426470.0,96834383.0,392273315522.0,17494845632.0
199,2020-10-09,601658,邮储银行,4.52,4.54,4.51,4.52,4.51,0.01,0.2217,0.6249,24241292.0,109730025.0,393143101144.0,17533636864.0
200,2020-10-12,601658,邮储银行,4.57,4.58,4.52,4.52,4.52,0.05,1.1062,1.0156,39397986.0,179431264.0,397492029254.0,17727593024.0
201,2020-10-13,601658,邮储银行,4.59,4.64,4.54,4.57,4.57,0.02,0.4376,1.6868,65431652.0,300619050.0,399231600498.0,17805175488.0
202,2020-10-14,601658,邮储银行,4.6,4.64,4.57,4.6,4.59,0.01,0.2179,1.0268,39830068.0,183087910.0,400101386120.0,17843966720.0
203,2020-10-15,601658,邮储银行,4.62,4.64,4.58,4.59,4.6,0.02,0.4348,1.1054,42879773.0,197816930.0,401840957364.0,17921549184.0
204,2020-10-16,601658,邮储银行,4.69,4.71,4.6,4.61,4.62,0.07,1.5152,2.6781,103886041.0,485227349.0,407929456718.0,18193087808.0
205,2020-10-19,601658,邮储银行,4.67,4.77,4.65,4.7,4.69,-0.02,-0.4264,3.0715,119145608.0,562746325.0,406189885474.0,18115505344.0
206,2020-10-20,601658,邮储银行,4.64,4.67,4.6,4.65,4.67,-0.03,-0.6424,1.4643,56803517.0,262939136.0,403580528608.0,17999131648.0
207,2020-10-21,601658,邮储银行,4.67,4.67,4.6,4.65,4.64,0.03,0.6466,1.5659,60742262.0,281640664.0,406189885474.0,18115505344.0
208,2020-10-22,601658,邮储银行,4.66,4.68,4.63,4.66,4.67,-0.01,-0.2141,0.8289,32152550.0,149575392.0,405320099852.0,18076714112.0
209,2020-10-23,601658,邮储银行,4.67,4.71,4.64,4.65,4.66,0.01,0.2146,1.1816,45837350.0,214608689.0,406189885474.0,18115505344.0
210,2020-10-26,601658,邮储银行,4.64,4.7,4.62,4.66,4.67,-0.03,-0.6424,0.989,38362674.0,178300400.0,403580528608.0,17999131648.0
211,2020-10-27,601658,邮储银行,4.6,4.63,4.58,4.61,4.64,-0.04,-0.8621,0.9561,37087493.0,170480396.0,400101386120.0,17843966720.0
212,2020-10-28,601658,邮储银行,4.55,4.6,4.52,4.58,4.6,-0.05,-1.087,0.8757,33969284.0,154432835.0,395752458010.0,17650010560.0
213,2020-10-29,601658,邮储银行,4.52,4.54,4.5,4.51,4.55,-0.03,-0.6593,0.6141,23821285.0,107584827.0,393143101144.0,17533636864.0
214,2020-10-30,601658,邮储银行,4.6,4.73,4.58,4.59,4.52,0.08,1.7699,2.8466,110423507.0,513885273.0,400101386120.0,17843966720.0
215,2020-11-02,601658,邮储银行,4.69,4.71,4.61,4.66,4.6,0.09,1.9565,2.1893,84925463.0,396084155.0,407929456718.0,18193087808.0
216,2020-11-03,601658,邮储银行,4.67,4.75,4.65,4.71,4.69,-0.02,-0.4264,1.5871,61564446.0,289729131.0,406189885474.0,18115505344.0
217,2020-11-04,601658,邮储银行,4.71,4.74,4.67,4.73,4.67,0.04,0.8565,1.3533,52494799.0,247214299.0,409669027962.0,18270670272.0
218,2020-11-05,601658,邮储银行,4.71,4.76,4.68,4.74,4.71,0.0,0.0,1.6117,62518343.0,295312979.0,409669027962.0,18270670272.0
219,2020-11-06,601658,邮储银行,4.78,4.79,4.7,4.73,4.71,0.07,1.4862,2.1496,83384924.0,396186912.0,415757527316.0,18542208896.0
220,2020-11-09,601658,邮储银行,4.76,4.79,4.72,4.78,4.78,-0.02,-0.4184,1.7869,69316226.0,329540957.0,414017956072.0,18464626432.0
221,2020-11-10,601658,邮储银行,4.78,4.85,4.76,4.77,4.76,0.02,0.4202,2.3402,90780495.0,436105811.0,415757527316.0,18542208896.0
222,2020-11-11,601658,邮储银行,4.83,4.86,4.75,4.78,4.78,0.05,1.046,2.1303,82638728.0,398023027.0,420106455426.0,18736165056.0
223,2020-11-12,601658,邮储银行,4.81,4.84,4.78,4.83,4.83,-0.02,-0.4141,1.1294,43809706.0,210477357.0,418366884182.0,18658582592.0
224,2020-11-13,601658,邮储银行,4.69,4.86,4.66,4.8,4.81,-0.12,-2.4948,2.1903,84965708.0,401125377.0,407929456718.0,18193087808.0
225,2020-11-16,601658,邮储银行,4.71,4.75,4.66,4.69,4.69,0.02,0.4264,1.7165,66584976.0,313827722.0,409669027962.0,18270670272.0
226,2020-11-17,601658,邮储银行,4.71,4.73,4.66,4.71,4.71,0.0,0.0,1.4041,54467268.0,256020214.0,409669027962.0,18270670272.0
227,2020-11-18,601658,邮储银行,4.79,4.83,4.68,4.7,4.71,0.08,1.6985,2.4908,96623129.0,461686948.0,416627312938.0,18581000128.0
228,2020-11-19,601658,邮储银行,4.8,4.82,4.76,4.8,4.79,0.01,0.2088,1.0977,42583034.0,204081672.0,417497098560.0,18619791360.0
229,2020-11-20,601658,邮储银行,4.75,4.8,4.73,4.77,4.8,-0.05,-1.0417,1.0166,39434937.0,187406159.0,413148170450.0,18425835200.0
230,2020-11-23,601658,邮储银行,4.83,4.86,4.72,4.74,4.75,0.08,1.6842,2.1919,85027032.0,408295662.0,420106455426.0,18736165056.0
231,2020-11-24,601658,邮储银行,4.9,4.91,4.81,4.83,4.83,0.07,1.4493,2.7131,105246399.0,512927578.0,426194954780.0,19007703680.0
232,2020-11-25,601658,邮储银行,5.0,5.18,4.95,4.96,4.9,0.1,2.0408,4.2777,165937222.0,839405706.0,434892811000.0,19395616000.0
233,2020-11-26,601658,邮储银行,5.04,5.08,4.98,5.0,5.0,0.04,0.8,2.5903,100482066.0,506084562.0,438371953488.0,19550780928.0
234,2020-11-27,601658,邮储银行,5.18,5.18,5.06,5.06,5.04,0.14,2.7778,4.1707,161787209.0,828379220.0,450548952196.0,20093858176.0
235,2020-11-30,601658,邮储银行,5.23,5.57,5.08,5.28,5.18,0.05,0.9653,9.9443,385752185.0,2061697266.0,454897880306.0,20287814336.0
236,2020-12-01,601658,邮储银行,5.26,5.33,5.11,5.11,5.23,0.03,0.5736,6.6445,257749162.0,1345835330.0,457507237172.0,20404188032.0
237,2020-12-02,601658,邮储银行,5.1,5.25,5.06,5.22,5.26,-0.16,-3.0418,3.9201,152064434.0,779891935.0,443590667220.0,19783528320.0
238,2020-12-03,601658,邮储银行,5.12,5.14,5.03,5.12,5.1,0.02,0.3922,2.2784,88380832.0,449828367.0,445330238464.0,19861110784.0
239,2020-12-04,601658,邮储银行,5.0,5.11,4.89,5.06,5.12,-0.12,-2.3438,2.1921,85034416.0,425581371.0,434892811000.0,19395616000.0
240,2020-12-07,601658,邮储银行,4.91,5.04,4.85,4.99,5.0,-0.09,-1.8,3.1584,122518018.0,602044887.0,427064740402.0,19046494912.0
241,2020-12-08,601658,邮储银行,4.85,4.9,4.8,4.88,4.91,-0.06,-1.222,2.5546,99095299.0,478482674.0,421846026670.0,18813747520.0
242,2020-12-09,601658,邮储银行,4.87,4.89,4.81,4.83,4.85,0.02,0.4124,1.8161,70449745.0,341922444.0,423585597914.0,18891329984.0
243,2020-12-10,601658,邮储银行,4.85,4.91,4.81,4.86,4.87,-0.02,-0.4107,0.5412,61017245.0,296636446.0,421846026670.0,54681137877.3
244,2020-12-11,601658,邮储银行,4.92,4.95,4.83,4.83,4.85,0.07,1.4433,0.873,98422882.0,482071150.0,427934526024.0,55470350176.6
245,2020-12-14,601658,邮储银行,4.85,4.94,4.8,4.93,4.92,-0.07,-1.4228,0.7701,86827012.0,421476380.0,421846026670.0,54681137877.3
246,2020-12-15,601658,邮储银行,4.79,4.84,4.76,4.83,4.85,-0.06,-1.2371,0.3562,40163330.0,192593718.0,416627312938.0,54004670192.2
247,2020-12-16,601658,邮储银行,4.81,4.85,4.77,4.78,4.79,0.02,0.4175,0.3702,41736554.0,200751319.0,418366884182.0,54230159420.6
248,2020-12-17,601658,邮储银行,4.87,4.87,4.77,4.81,4.81,0.06,1.2474,0.3144,35450859.0,171213338.0,423585597914.0,54906627105.7
249,2020-12-18,601658,邮储银行,4.83,4.88,4.82,4.84,4.87,-0.04,-0.8214,0.317,35742528.0,173109797.0,420106455426.0,54455648648.9
250,2020-12-21,601658,邮储银行,4.84,4.89,4.8,4.81,4.83,0.01,0.207,0.3399,38319189.0,185750070.0,420976241048.0,54568393263.1
251,2020-12-22,601658,邮储银行,4.77,4.88,4.77,4.83,4.84,-0.07,-1.4463,0.3163,35660241.0,172003439.0,414887741694.0,53779180963.9
252,2020-12-23,601658,邮储银行,4.72,4.81,4.7,4.78,4.77,-0.05,-1.0482,0.4345,48987232.0,232164963.0,410538813584.0,53215457893.0
253,2020-12-24,601658,邮储银行,4.72,4.77,4.71,4.73,4.72,0.0,0.0,0.2294,25859440.0,122494606.0,410538813584.0,53215457893.0
254,2020-12-25,601658,邮储银行,4.72,4.73,4.68,4.71,4.72,0.0,0.0,0.2543,28669564.0,135067933.0,410538813584.0,53215457893.0
255,2020-12-28,601658,邮储银行,4.75,4.79,4.68,4.71,4.72,0.03,0.6356,0.4109,46323716.0,219734569.0,413148170450.0,53553691735.5
256,2020-12-29,601658,邮储银行,4.73,4.8,4.71,4.76,4.75,-0.02,-0.4211,0.3195,36026744.0,171047635.0,411408599206.0,53328202507.1
257,2020-12-30,601658,邮储银行,4.75,4.76,4.7,4.72,4.73,0.02,0.4228,0.3028,34141832.0,161390389.0,413148170450.0,53553691735.5
258,2020-12-31,601658,邮储银行,4.78,4.83,4.73,4.73,4.75,0.03,0.6316,0.6303,71064288.0,339382377.0,415757527316.0,53891925578.0
259,2021-01-04,601658,邮储银行,4.68,4.76,4.59,4.76,4.78,-0.1,-2.0921,1.4091,158871521.0,740772066.0,407059671096.0,52764479436.2
260,2021-01-05,601658,邮储银行,4.68,4.71,4.62,4.65,4.68,0.0,0.0,0.6459,72824740.0,339063002.0,407059671096.0,52764479436.2
261,2021-01-06,601658,邮储银行,4.71,4.72,4.65,4.65,4.68,0.03,0.641,0.4869,54894796.0,257656741.0,409669027962.0,53102713278.8
262,2021-01-07,601658,邮储银行,4.71,4.75,4.65,4.71,4.71,0.0,0.0,0.4838,54545492.0,256383655.0,409669027962.0,53102713278.8
263,2021-01-08,601658,邮储银行,4.79,4.8,4.68,4.69,4.71,0.08,1.6985,0.5036,56781028.0,269858374.0,416627312938.0,54004670192.2
264,2021-01-11,601658,邮储银行,4.87,4.94,4.77,4.78,4.79,0.08,1.6701,1.3627,153633999.0,747687508.0,423585597914.0,54906627105.7
265,2021-01-12,601658,邮储银行,4.84,4.86,4.73,4.84,4.87,-0.03,-0.616,0.8505,95889971.0,459907458.0,420976241048.0,54568393263.1
266,2021-01-13,601658,邮储银行,4.9,4.92,4.83,4.86,4.84,0.06,1.2397,0.8792,99127162.0,483118148.0,426194954780.0,55244860948.2
267,2021-01-14,601658,邮储银行,5.02,5.12,4.91,4.94,4.9,0.12,2.449,1.5306,172564038.0,865695294.0,436632382244.0,56597796318.4
268,2021-01-15,601658,邮储银行,5.44,5.52,5.18,5.18,5.02,0.42,8.3665,6.4677,729194917.0,3989542548.0,473163378368.0,61333070113.9
269,2021-01-18,601658,邮储银行,5.27,5.36,5.19,5.3,5.44,-0.17,-3.125,4.2952,484255287.0,2550760555.0,458377022794.0,59416411672.9
270,2021-01-19,601658,邮储银行,5.36,5.64,5.22,5.26,5.27,0.09,1.7078,3.5603,401409630.0,2173196334.0,466205093392.0,60431113200.5
271,2021-01-20,601658,邮储银行,5.36,5.47,5.26,5.33,5.36,0.0,0.0,1.8338,206746131.0,1104847692.0,466205093392.0,60431113200.5
272,2021-01-21,601658,邮储银行,5.59,5.65,5.36,5.45,5.36,0.23,4.291,3.336,376115800.0,2087281610.0,486210162698.0,63024239326.6
273,2021-01-22,601658,邮储银行,5.4,5.54,5.33,5.51,5.59,-0.19,-3.3989,2.026,228420112.0,1230217612.0,469684235880.0,60882091657.2
274,2021-01-25,601658,邮储银行,5.43,5.48,5.19,5.35,5.4,0.03,0.5556,1.8104,204116047.0,1090970598.0,472293592746.0,61220325499.7
275,2021-01-26,601658,邮储银行,5.48,5.62,5.38,5.42,5.43,0.05,0.9208,1.9881,224143275.0,1232273819.0,476642520856.0,61784048570.6
276,2021-01-27,601658,邮储银行,5.56,5.71,5.43,5.45,5.48,0.08,1.4599,2.4882,280536776.0,1571583574.0,483600805832.0,62686005484.1
277,2021-01-28,601658,邮储银行,5.36,5.47,5.34,5.42,5.56,-0.2,-3.5971,1.5156,170880323.0,921126327.0,466205093392.0,60431113200.5
278,2021-01-29,601658,邮储银行,5.48,5.52,5.35,5.41,5.36,0.12,2.2388,1.9664,221700792.0,1203032880.0,476642520856.0,61784048570.6
279,2021-02-01,601658,邮储银行,5.6,5.68,5.36,5.45,5.48,0.12,2.1898,2.479,279492824.0,1546763008.0,487079948320.0,63136983940.8
280,2021-02-02,601658,邮储银行,5.48,5.56,5.45,5.51,5.6,-0.12,-2.1429,1.5283,172310036.0,946136091.0,476642520856.0,61784048570.6
281,2021-02-03,601658,邮储银行,5.57,5.67,5.47,5.48,5.48,0.09,1.6423,1.9776,222965527.0,1245803164.0,484470591454.0,62798750098.3
282,2021-02-04,601658,邮储银行,5.78,5.92,5.52,5.56,5.57,0.21,3.7702,3.0805,347310165.0,2001221598.0,502736089516.0,65166386996.0
283,2021-02-05,601658,邮储银行,6.1,6.28,5.83,5.83,5.78,0.32,5.5363,3.7103,418317068.0,2551345310.0,530569229420.0,68774214649.8
284,2021-02-08,601658,邮储银行,6.2,6.23,5.97,6.15,6.1,0.1,1.6393,3.0456,343377788.0,2105980188.0,539267085640.0,69901660791.6
285,2021-02-09,601658,邮储银行,6.27,6.27,6.02,6.21,6.2,0.07,1.129,2.0407,230080532.0,1414415960.0,545355584994.0,70690873090.9
286,2021-02-10,601658,邮储银行,6.18,6.46,6.11,6.28,6.27,-0.09,-1.4354,2.3058,259971219.0,1627294103.0,537527514396.0,69676171563.2
287,2021-02-18,601658,邮储银行,6.24,6.39,6.15,6.25,6.18,0.06,0.9709,2.0592,232168111.0,1452525930.0,542746228128.0,70352639248.3
288,2021-02-19,601658,邮储银行,6.11,6.24,6.01,6.24,6.24,-0.13,-2.0833,1.9567,220606293.0,1352521279.0,531439015042.0,68886959264.0
289,2021-02-22,601658,邮储银行,6.02,6.14,5.98,6.12,6.11,-0.09,-1.473,1.7503,197334609.0,1195637777.0,523610944444.0,67872257736.4
290,2021-02-23,601658,邮储银行,6.09,6.27,6.0,6.01,6.02,0.07,1.1628,2.0254,228350287.0,1402836154.0,529699443798.0,68661470035.6
291,2021-02-24,601658,邮储银行,5.93,6.12,5.87,6.09,6.09,-0.16,-2.6273,1.7009,191767321.0,1150333036.0,515782873846.0,66857556208.7
292,2021-02-25,601658,邮储银行,6.2,6.24,5.94,5.97,5.93,0.27,4.5531,2.3405,263878919.0,1613882903.0,539267085640.0,69901660791.6
293,2021-02-26,601658,邮储银行,6.12,6.14,5.96,6.03,6.2,-0.08,-1.2903,2.1454,241877618.0,1465970340.0,532308800664.0,68999703878.2
294,2021-03-01,601658,邮储银行,6.02,6.09,5.97,6.04,6.12,-0.1,-1.634,1.0183,114803891.0,690180316.0,523610944444.0,67872257736.4
295,2021-03-02,601658,邮储银行,5.91,6.08,5.8,6.06,6.02,-0.11,-1.8272,1.4677,165473866.0,982943704.0,514043302602.0,66632066980.4
296,2021-03-03,601658,邮储银行,6.15,6.19,5.83,5.86,5.91,0.24,4.0609,1.9153,215944008.0,1314268607.0,534918157530.0,69337937720.7
297,2021-03-04,601658,邮储银行,6.11,6.18,6.01,6.09,6.15,-0.04,-0.6504,1.4661,165299280.0,1006635991.0,531439015042.0,68886959264.0
298,2021-03-05,601658,邮储银行,6.16,6.19,5.94,6.02,6.11,0.05,0.8183,1.6927,190841681.0,1158877267.0,535787943152.0,69450682334.9
299,2021-03-08,601658,邮储银行,6.09,6.44,6.08,6.19,6.16,-0.07,-1.1364,2.2549,254232859.0,1585831292.0,529699443798.0,68661470035.6
300,2021-03-09,601658,邮储银行,5.9,6.2,5.87,6.15,6.09,-0.19,-3.1199,2.1176,238751598.0,1430353176.0,513173516980.0,66519322366.2
301,2021-03-10,601658,邮储银行,5.74,5.9,5.72,5.85,5.9,-0.16,-2.7119,1.5162,170938570.0,989026908.0,499256947028.0,64715408539.3
302,2021-03-11,601658,邮储银行,5.9,5.96,5.78,5.79,5.74,0.16,2.7875,1.3195,148763127.0,876074256.0,513173516980.0,66519322366.2
303,2021-03-12,601658,邮储银行,5.94,5.96,5.79,5.91,5.9,0.04,0.678,1.3468,151844945.0,893867417.0,516652659468.0,66970300822.9
304,2021-03-15,601658,邮储银行,5.95,6.05,5.9,5.95,5.94,0.01,0.1684,0.9444,106478019.0,635866078.0,517522445090.0,67083045437.1
305,2021-03-16,601658,邮储银行,6.14,6.15,5.94,5.97,5.95,0.19,3.1933,1.5036,169522922.0,1030610590.0,534048371908.0,69225193106.5
306,2021-03-17,601658,邮储银行,6.01,6.12,5.96,6.12,6.14,-0.13,-2.1173,1.1906,134238973.0,808841573.0,522741158822.0,67759513122.2
307,2021-03-18,601658,邮储银行,5.94,6.1,5.91,6.0,6.01,-0.07,-1.1647,1.3121,147932362.0,883358686.0,516652659468.0,66970300822.9
308,2021-03-19,601658,邮储银行,5.84,5.97,5.78,5.94,5.94,-0.1,-1.6835,1.0148,114417301.0,669315295.0,507954803248.0,65842854681.1
309,2021-03-22,601658,邮储银行,5.92,5.94,5.8,5.84,5.84,0.08,1.3699,0.9085,102426857.0,602468945.0,514913088224.0,66744811594.6
310,2021-03-23,601658,邮储银行,5.88,5.95,5.84,5.92,5.92,-0.04,-0.6757,0.5721,64498621.0,379518533.0,511433945736.0,66293833137.8
311,2021-03-24,601658,邮储银行,5.77,5.86,5.7,5.85,5.88,-0.11,-1.8707,0.8052,90782401.0,522933762.0,501866303894.0,65053642381.9
312,2021-03-25,601658,邮储银行,5.67,5.79,5.65,5.75,5.77,-0.1,-1.7331,0.6992,78834717.0,450059168.0,493168447674.0,63926196240.1
313,2021-03-26,601658,邮储银行,5.74,5.77,5.67,5.69,5.67,0.07,1.2346,0.5786,65230722.0,372934278.0,499256947028.0,64715408539.3
314,2021-03-29,601658,邮储银行,5.85,5.85,5.7,5.75,5.74,0.11,1.9164,0.7691,86711967.0,500475016.0,540446210489.0,65955599295.3
315,2021-03-30,601658,邮储银行,5.87,5.89,5.76,5.85,5.85,0.02,0.3419,0.9611,108355705.0,629312918.0,542293889841.0,66181088523.7
316,2021-03-31,601658,邮储银行,5.87,5.91,5.76,5.86,5.87,0.0,0.0,0.9728,109682121.0,641256354.0,542293889841.0,66181088523.7
317,2021-04-01,601658,邮储银行,5.76,5.86,5.72,5.85,5.87,-0.11,-1.8739,0.8029,90518062.0,523558425.0,532131653405.0,64940897767.7
318,2021-04-02,601658,邮储银行,5.67,5.76,5.64,5.75,5.76,-0.09,-1.5625,1.024,115448154.0,656120237.0,523817096320.0,63926196240.1
319,2021-04-06,601658,邮储银行,5.75,5.77,5.65,5.7,5.67,0.08,1.4109,0.6822,76912341.0,440328450.0,531207813729.0,64828153153.5
320,2021-04-07,601658,邮储银行,5.73,5.76,5.68,5.73,5.75,-0.02,-0.3478,0.6499,73268956.0,418309591.0,529360134377.0,64602663925.1
321,2021-04-08,601658,邮储银行,5.65,5.74,5.65,5.7,5.73,-0.08,-1.3962,0.7423,83693690.0,475508679.0,521969416968.0,63700707011.7
322,2021-04-09,601658,邮储银行,5.58,5.67,5.56,5.65,5.65,-0.07,-1.2389,0.7497,84529587.0,472306931.0,515502539236.0,62911494712.4
323,2021-04-12,601658,邮储银行,5.6,5.6,5.51,5.59,5.58,0.02,0.3584,0.7971,89874251.0,500152033.0,517350218588.0,63136983940.8
324,2021-04-13,601658,邮储银行,5.65,5.68,5.56,5.6,5.6,0.05,0.8929,0.9247,104250819.0,586591354.0,521969416968.0,63700707011.7
325,2021-04-14,601658,邮储银行,5.64,5.68,5.57,5.63,5.65,-0.01,-0.177,0.6516,73464732.0,413628880.0,521045577292.0,63587962397.5
326,2021-04-15,601658,邮储银行,5.5,5.67,5.47,5.67,5.64,-0.14,-2.4823,0.9752,109948598.0,606494709.0,508111821828.0,62009537799.0
327,2021-04-16,601658,邮储银行,5.49,5.52,5.42,5.52,5.5,-0.01,-0.1818,0.7449,83988562.0,458536138.0,507187982151.0,61896793184.8
328,2021-04-19,601658,邮储银行,5.45,5.49,5.41,5.48,5.49,-0.04,-0.7286,1.223,137883547.0,749459559.0,503492623447.0,61445814728.1
329,2021-04-20,601658,邮储银行,5.49,5.54,5.42,5.44,5.45,0.04,0.7339,0.8201,92456788.0,506490229.0,507187982151.0,61896793184.8
330,2021-04-21,601658,邮储银行,5.61,5.65,5.44,5.45,5.49,0.12,2.1858,1.0818,121966424.0,679349491.0,518274058264.0,63249728555.0
331,2021-04-22,601658,邮储银行,5.52,5.64,5.48,5.62,5.61,-0.09,-1.6043,0.7896,89020983.0,491919640.0,509959501180.0,62235027027.4
332,2021-04-23,601658,邮储银行,5.51,5.56,5.47,5.49,5.52,-0.01,-0.1812,0.5224,58901206.0,324822831.0,509035661504.0,62122282413.2
333,2021-04-26,601658,邮储银行,5.43,5.56,5.43,5.52,5.51,-0.08,-1.4519,0.6152,69364290.0,379725805.0,501644944095.0,61220325499.7
334,2021-04-27,601658,邮储银行,5.44,5.47,5.39,5.42,5.43,0.01,0.1842,0.3847,43375653.0,235209177.0,502568783771.0,61333070113.9
335,2021-04-28,601658,邮储银行,5.39,5.43,5.35,5.43,5.44,-0.05,-0.9191,0.637,71816093.0,386425825.0,497949585391.0,60769347043.0
336,2021-04-29,601658,邮储银行,5.46,5.5,5.37,5.38,5.39,0.07,1.2987,1.0269,115771885.0,630230963.0,504416463123.0,61558559342.3
337,2021-04-30,601658,邮储银行,5.09,5.43,4.97,5.43,5.46,-0.37,-6.7766,4.2698,481397945.0,2463332941.0,470234395109.0,57387008617.6
338,2021-05-06,601658,邮储银行,5.11,5.17,5.1,5.12,5.09,0.02,0.3929,1.5766,177748181.0,912468071.0,472082074462.0,57612497846.0
339,2021-05-07,601658,邮储银行,5.15,5.23,5.08,5.11,5.11,0.04,0.7828,1.1239,126712981.0,655813025.0,475777433166.0,58063476302.7
340,2021-05-10,601658,邮储银行,5.35,5.36,5.15,5.16,5.15,0.2,3.8835,1.9655,221599400.0,1171850524.0,494254226687.0,60318368586.3
341,2021-05-11,601658,邮储银行,5.32,5.34,5.24,5.32,5.35,-0.03,-0.5607,0.673,75878170.0,401663873.0,491482707659.0,59980134743.8
342,2021-05-12,601658,邮储银行,5.34,5.38,5.26,5.31,5.32,0.02,0.3759,0.8973,101160878.0,538125367.0,493330387011.0,60205623972.1
343,2021-05-13,601658,邮储银行,5.36,5.41,5.28,5.29,5.34,0.02,0.3745,0.9893,111539357.0,598652141.0,495178066363.0,60431113200.5
344,2021-05-14,601658,邮储银行,5.39,5.4,5.31,5.39,5.36,0.03,0.5597,0.7378,83183089.0,445341455.0,497949585391.0,60769347043.0
345,2021-05-17,601658,邮储银行,5.37,5.4,5.3,5.39,5.39,-0.02,-0.3711,1.0136,114277083.0,612216099.0,496101906039.0,60543857814.7
346,2021-05-18,601658,邮储银行,5.27,5.37,5.18,5.36,5.37,-0.1,-1.8622,1.1651,131361929.0,689590715.0,486863509278.0,59416411672.9
347,2021-05-19,601658,邮储银行,5.18,5.24,5.15,5.24,5.27,-0.09,-1.7078,0.9115,102762553.0,532641223.0,478548952194.0,58401710145.2
348,2021-05-20,601658,邮储银行,5.27,5.27,5.13,5.19,5.18,0.09,1.7375,0.9475,106824929.0,557127521.0,486863509278.0,59416411672.9
349,2021-05-21,601658,邮储银行,5.16,5.27,5.14,5.25,5.27,-0.11,-2.0873,1.0774,121474712.0,630763666.0,476701272842.0,58176220916.9
350,2021-05-24,601658,邮储银行,5.11,5.2,5.09,5.17,5.16,-0.05,-0.969,0.9081,102383860.0,524646852.0,472082074462.0,57612497846.0
351,2021-05-25,601658,邮储银行,5.27,5.29,5.1,5.12,5.11,0.16,3.1311,1.4998,169096228.0,878126472.0,486863509278.0,59416411672.9
352,2021-05-26,601658,邮储银行,5.45,5.56,5.28,5.3,5.27,0.18,3.4156,2.4663,278065292.0,1512600305.0,503492623447.0,61445814728.1
353,2021-05-27,601658,邮储银行,5.34,5.41,5.3,5.4,5.45,-0.11,-2.0183,1.4537,163891308.0,874562883.0,493330387011.0,60205623972.1
354,2021-05-28,601658,邮储银行,5.57,5.68,5.36,5.36,5.34,0.23,4.3071,2.9782,335779644.0,1860504215.0,514578699560.0,62798750098.3
355,2021-05-31,601658,邮储银行,5.6,5.68,5.48,5.68,5.57,0.03,0.5386,1.6729,188610514.0,1049319097.0,517350218588.0,63136983940.8
356,2021-06-01,601658,邮储银行,5.54,5.59,5.47,5.57,5.6,-0.06,-1.0714,1.2537,141342559.0,781041185.0,511807180532.0,62460516255.7
357,2021-06-02,601658,邮储银行,5.48,5.55,5.43,5.51,5.54,-0.06,-1.083,1.1168,125914839.0,689809136.0,506264142475.0,61784048570.6
358,2021-06-03,601658,邮储银行,5.45,5.54,5.42,5.49,5.48,-0.03,-0.5474,0.9748,109898250.0,601007246.0,503492623447.0,61445814728.1
359,2021-06-04,601658,邮储银行,5.53,5.54,5.39,5.44,5.45,0.08,1.4679,1.5194,171309603.0,937165953.0,510883340856.0,62347771641.5
360,2021-06-07,601658,邮储银行,5.44,5.49,5.41,5.48,5.53,-0.09,-1.6275,1.3201,148830958.0,810925177.0,502568783771.0,61333070113.9
361,2021-06-08,601658,邮储银行,5.42,5.44,5.33,5.43,5.44,-0.02,-0.3676,1.4533,163854031.0,883214071.0,500721104419.0,61107580885.6
362,2021-06-09,601658,邮储银行,5.35,5.41,5.31,5.41,5.42,-0.07,-1.2915,1.2848,144849866.0,773392276.0,494254226687.0,60318368586.3
363,2021-06-10,601658,邮储银行,5.38,5.41,5.32,5.33,5.35,0.03,0.5607,1.0729,120968078.0,648451716.0,497025745715.0,60656602428.8
364,2021-06-11,601658,邮储银行,5.27,5.38,5.26,5.36,5.38,-0.11,-2.0446,1.6363,184487930.0,979709829.0,486863509278.0,59416411672.9
365,2021-06-15,601658,邮储银行,5.24,5.3,5.18,5.28,5.27,-0.03,-0.5693,1.4382,162152434.0,849248804.0,484091990250.0,59078177830.3
366,2021-06-16,601658,邮储银行,5.31,5.38,5.21,5.25,5.24,0.07,1.3359,1.2699,143173360.0,760846237.0,490558867983.0,59867390129.6
367,2021-06-17,601658,邮储银行,5.22,5.33,5.2,5.32,5.31,-0.09,-1.6949,1.1392,128434431.0,674288636.0,482244310898.0,58852688602.0
368,2021-06-18,601658,邮储银行,5.16,5.2,5.14,5.2,5.22,-0.06,-1.1494,0.9704,109407586.0,565037814.0,476701272842.0,58176220916.9
369,2021-06-21,601658,邮储银行,5.06,5.15,5.01,5.14,5.16,-0.1,-1.938,2.1143,238379478.0,1206831619.0,467462876081.0,57048774775.1
370,2021-06-22,601658,邮储银行,5.0,5.11,4.98,5.06,5.06,-0.06,-1.1858,1.9318,217799562.0,1096629897.0,461919838025.0,56372307090.0
371,2021-06-23,601658,邮储银行,4.99,5.03,4.93,5.0,5.0,-0.01,-0.2,1.744,196626091.0,978828287.0,460995998349.0,56259562475.8
372,2021-06-24,601658,邮储银行,5.01,5.02,4.97,4.99,4.99,0.02,0.4008,0.7569,85341603.0,426531417.0,462843677701.0,56485051704.2
373,2021-06-25,601658,邮储银行,5.09,5.09,5.0,5.02,5.01,0.08,1.5968,1.3066,147308603.0,745109032.0,470234395109.0,57387008617.6
374,2021-06-28,601658,邮储银行,5.0,5.09,4.98,5.08,5.09,-0.09,-1.7682,1.1235,126674045.0,635517675.0,461919838025.0,56372307090.0
375,2021-06-29,601658,邮储银行,5.01,5.03,4.94,4.99,5.0,0.01,0.2,1.4428,162672937.0,810465697.0,462843677701.0,56485051704.2
376,2021-06-30,601658,邮储银行,5.02,5.03,4.99,5.01,5.01,0.01,0.1996,0.9608,108327131.0,543076017.0,463767517377.0,56597796318.4
377,2021-07-01,601658,邮储银行,5.04,5.07,5.0,5.03,5.02,0.02,0.3984,1.0638,119932119.0,604469083.0,465615196729.0,56823285546.7
378,2021-07-02,601658,邮储银行,5.0,5.04,4.98,5.03,5.04,-0.04,-0.7937,0.8391,94608476.0,472813652.0,461919838025.0,56372307090.0
379,2021-07-05,601658,邮储银行,4.94,5.0,4.91,5.0,5.0,-0.06,-1.2,1.1059,124686250.0,615652173.0,456376799969.0,55695839404.9
380,2021-07-06,601658,邮储银行,4.95,4.95,4.89,4.93,4.94,0.01,0.2024,1.244,140256385.0,690270888.0,457300639645.0,55808584019.1
381,2021-07-07,601658,邮储银行,4.86,4.95,4.85,4.92,4.95,-0.09,-1.8182,2.0736,233790686.0,1139970479.0,448986082560.0,54793882491.5
382,2021-07-08,601658,邮储银行,4.8,4.88,4.77,4.88,4.86,-0.06,-1.2346,1.1272,127088147.0,611194552.0,443443044504.0,54117414806.4
383,2021-07-09,601658,邮储银行,4.76,4.81,4.73,4.77,4.8,-0.04,-0.8333,1.0608,119601850.0,569378415.0,439747685800.0,53666436349.7
384,2021-07-12,601658,邮储银行,4.74,4.81,4.71,4.8,4.76,-0.02,-0.4202,1.3825,155871081.0,740365846.0,437900006448.0,53440947121.3
385,2021-07-13,601658,邮储银行,4.77,4.78,4.7,4.74,4.74,0.03,0.6329,1.0954,123503042.0,586949488.0,440671525476.0,53779180963.9
386,2021-07-14,601658,邮储银行,4.78,4.8,4.73,4.78,4.77,0.01,0.2096,1.1649,131334531.0,626668782.0,441595365152.0,53891925578.0
387,2021-07-15,601658,邮储银行,4.99,5.03,4.75,4.77,4.78,0.21,4.3933,2.7214,306820496.0,1516427278.0,460995998349.0,56259562475.8
388,2021-07-16,601658,邮储银行,5.03,5.05,4.92,4.94,4.99,0.04,0.8016,1.6396,184851897.0,924581423.0,464691357053.0,56710540932.5
389,2021-07-19,601658,邮储银行,5.12,5.12,4.95,5.01,5.03,0.09,1.7893,1.6245,183151204.0,924323226.0,473005914138.0,57725242460.2
390,2021-07-20,601658,邮储银行,4.99,5.09,4.98,5.09,5.12,-0.13,-2.5391,0.9736,109771629.0,550500940.0,460995998349.0,56259562475.8
391,2021-07-21,601658,邮储银行,4.97,5.04,4.95,4.99,4.99,-0.02,-0.4008,0.7917,89255692.0,444183718.0,459148318997.0,56034073247.5
392,2021-07-22,601658,XD邮储银,4.8,4.9,4.76,4.78,4.76,0.04,0.8403,1.1735,132310970.0,639691824.0,443443044504.0,54117414806.4
393,2021-07-23,601658,邮储银行,4.85,4.87,4.72,4.78,4.8,0.05,1.0417,1.1314,127557254.0,615229206.0,448062242884.0,54681137877.3
394,2021-07-26,601658,邮储银行,4.85,4.92,4.74,4.82,4.85,0.0,0.0,1.5987,180248357.0,874982570.0,448062242884.0,54681137877.3
395,2021-07-27,601658,邮储银行,4.82,4.9,4.79,4.81,4.85,-0.03,-0.6186,1.4501,163489238.0,790959184.0,445290723856.0,54342904034.8
396,2021-07-28,601658,邮储银行,4.93,4.95,4.79,4.8,4.82,0.11,2.2822,1.8321,206554888.0,1012140503.0,455452960293.0,55583094790.7
397,2021-07-29,601658,邮储银行,4.81,4.93,4.78,4.93,4.93,-0.12,-2.4341,1.33,149945594.0,723315432.0,444366884180.0,54230159420.6
398,2021-07-30,601658,邮储银行,4.69,4.8,4.66,4.8,4.81,-0.12,-2.4948,1.1065,124749750.0,587283436.0,433280808067.0,52877224050.4
399,2021-08-02,601658,邮储银行,4.84,4.87,4.63,4.71,4.69,0.15,3.1983,1.4047,158369256.0,757782694.0,447138403208.0,54568393263.1
400,2021-08-03,601658,邮储银行,4.82,4.89,4.77,4.81,4.84,-0.02,-0.4132,1.0278,115880361.0,559698284.0,445290723856.0,54342904034.8
401,2021-08-04,601658,邮储银行,4.87,4.9,4.82,4.86,4.82,0.05,1.0373,0.7757,87457271.0,425780417.0,449909922236.0,54906627105.7
402,2021-08-05,601658,邮储银行,4.88,4.93,4.85,4.86,4.87,0.01,0.2053,0.6096,68724218.0,335971317.0,450833761912.0,55019371719.8
403,2021-08-06,601658,邮储银行,4.9,4.91,4.8,4.86,4.88,0.02,0.4098,0.7644,86185433.0,418893820.0,452681441264.0,55244860948.2
404,2021-08-09,601658,邮储银行,5.0,5.04,4.88,4.9,4.9,0.1,2.0408,1.2641,142525955.0,712525980.0,461919838025.0,56372307090.0
405,2021-08-10,601658,邮储银行,5.05,5.08,4.94,5.01,5.0,0.05,1.0,1.2077,136162888.0,683696464.0,466539036405.0,56936030160.9
406,2021-08-11,601658,邮储银行,5.31,5.33,5.07,5.07,5.05,0.26,5.1485,2.6153,294859309.0,1551829701.0,490558867983.0,59867390129.6
407,2021-08-12,601658,邮储银行,5.27,5.34,5.25,5.27,5.31,-0.04,-0.7533,1.0574,119214381.0,630684178.0,486863509278.0,59416411672.9
408,2021-08-13,601658,邮储银行,5.33,5.38,5.23,5.25,5.27,0.06,1.1385,1.107,124812551.0,663979850.0,492406547335.0,60092879357.9
409,2021-08-16,601658,邮储银行,5.27,5.4,5.23,5.39,5.33,-0.06,-1.1257,1.1671,131589409.0,698224766.0,486863509278.0,59416411672.9
410,2021-08-17,601658,邮储银行,5.17,5.33,5.14,5.26,5.27,-0.1,-1.8975,1.1002,124036807.0,646910517.0,477625112518.0,58288965531.1
411,2021-08-18,601658,邮储银行,5.32,5.34,5.17,5.19,5.17,0.15,2.9014,1.6695,188231843.0,993194223.0,491482707659.0,59980134743.8
412,2021-08-19,601658,邮储银行,5.15,5.3,5.08,5.29,5.32,-0.17,-3.1955,1.3059,147238573.0,757920151.0,475777433166.0,58063476302.7
413,2021-08-20,601658,邮储银行,5.17,5.18,5.03,5.15,5.15,0.02,0.3883,1.0572,119196005.0,609151479.0,477625112518.0,58288965531.1
414,2021-08-23,601658,邮储银行,5.14,5.2,5.1,5.15,5.17,-0.03,-0.5803,0.7068,79691206.0,409903399.0,474853593490.0,57950731688.5
415,2021-08-24,601658,邮储银行,5.08,5.18,5.07,5.11,5.14,-0.06,-1.1673,0.9802,110509669.0,565105681.0,469310555433.0,57274264003.4
416,2021-08-25,601658,邮储银行,5.05,5.12,5.02,5.08,5.08,-0.03,-0.5906,0.8322,93828531.0,474640521.0,466539036405.0,56936030160.9
417,2021-08-26,601658,邮储银行,4.99,5.06,4.97,5.04,5.05,-0.06,-1.1881,0.682,76889556.0,385214033.0,460995998349.0,56259562475.8
418,2021-08-27,601658,邮储银行,5.0,5.05,4.96,4.98,4.99,0.01,0.2004,0.6512,73416341.0,367395240.0,461919838025.0,56372307090.0
419,2021-08-30,601658,邮储银行,4.99,5.08,4.93,5.04,5.0,-0.01,-0.2,1.0375,116976397.0,584573332.0,460995998349.0,56259562475.8
420,2021-08-31,601658,邮储银行,5.14,5.2,4.99,4.99,4.99,0.15,3.006,1.5227,171674708.0,877050597.0,474853593490.0,57950731688.5
421,2021-09-01,601658,邮储银行,5.35,5.37,5.11,5.13,5.14,0.21,4.0856,2.708,305309779.0,1615264777.0,494254226687.0,60318368586.3
422,2021-09-02,601658,邮储银行,5.35,5.4,5.27,5.34,5.35,0.0,0.0,1.5199,171365778.0,913357018.0,494254226687.0,60318368586.3
423,2021-09-03,601658,邮储银行,5.34,5.43,5.23,5.36,5.35,-0.01,-0.1869,1.4955,168605001.0,900553842.0,493330387011.0,60205623972.1
424,2021-09-06,601658,邮储银行,5.35,5.38,5.27,5.3,5.34,0.01,0.1873,1.0883,122703830.0,654861155.0,494254226687.0,60318368586.3
425,2021-09-07,601658,邮储银行,5.41,5.48,5.29,5.36,5.35,0.06,1.1215,1.5543,175243925.0,943740725.0,499797264743.0,60994836271.4
426,2021-09-08,601658,邮储银行,5.41,5.46,5.37,5.37,5.41,0.0,0.0,1.0393,117176177.0,634778433.0,499797264743.0,60994836271.4
427,2021-09-09,601658,邮储银行,5.46,5.5,5.36,5.39,5.41,0.05,0.9242,1.3244,149320345.0,812867889.0,504416463123.0,61558559342.3
428,2021-09-10,601658,邮储银行,5.42,5.6,5.39,5.45,5.46,-0.04,-0.7326,2.1201,239032053.0,1310834327.0,500721104419.0,61107580885.6
429,2021-09-13,601658,邮储银行,5.5,5.56,5.34,5.39,5.42,0.08,1.476,2.2232,250653837.0,1375113039.0,508111821828.0,62009537799.0
430,2021-09-14,601658,邮储银行,5.3,5.53,5.28,5.49,5.5,-0.2,-3.6364,1.9742,222583515.0,1194317440.0,489635028306.0,59754645515.4
431,2021-09-15,601658,邮储银行,5.25,5.33,5.22,5.28,5.3,-0.05,-0.9434,1.2199,137537561.0,725305590.0,485015829926.0,59190922444.5
432,2021-09-16,601658,邮储银行,5.23,5.49,5.19,5.27,5.25,-0.02,-0.381,1.8533,208950034.0,1106956418.0,483168150574.0,58965433216.1
433,2021-09-17,601658,邮储银行,5.15,5.24,5.11,5.23,5.23,-0.08,-1.5296,1.2325,138963300.0,716840197.0,475777433166.0,58063476302.7
434,2021-09-22,601658,邮储银行,5.06,5.08,4.91,5.01,5.15,-0.09,-1.7476,1.334,150402841.0,753000396.0,467462876081.0,57048774775.1
435,2021-09-23,601658,邮储银行,5.0,5.15,4.96,5.09,5.06,-0.06,-1.1858,1.4132,159328816.0,801869999.0,461919838025.0,56372307090.0
436,2021-09-24,601658,邮储银行,4.95,5.03,4.93,5.01,5.0,-0.05,-1.0,1.3055,147189729.0,732747369.0,457300639645.0,55808584019.1
437,2021-09-27,601658,邮储银行,4.9,5.01,4.88,4.94,4.95,-0.05,-1.0101,1.3847,156113708.0,768724020.0,452681441264.0,55244860948.2
438,2021-09-28,601658,邮储银行,5.06,5.1,4.89,4.92,4.9,0.16,3.2653,1.9588,220838549.0,1107393800.0,467462876081.0,57048774775.1
439,2021-09-29,601658,邮储银行,5.09,5.14,5.0,5.01,5.06,0.03,0.5929,1.9298,217570948.0,1103693039.0,470234395109.0,57387008617.6
440,2021-09-30,601658,邮储银行,5.08,5.11,4.95,5.09,5.09,-0.01,-0.1965,1.2996,146523421.0,739770840.0,469310555433.0,57274264003.4
441,2021-10-08,601658,邮储银行,5.12,5.18,5.06,5.07,5.08,0.04,0.7874,1.2079,136187001.0,695998882.0,473005914138.0,57725242460.2
442,2021-10-11,601658,邮储银行,5.22,5.26,5.14,5.15,5.12,0.1,1.9531,1.6144,182011374.0,947401534.0,482244310898.0,58852688602.0
443,2021-10-12,601658,邮储银行,5.14,5.26,5.09,5.17,5.22,-0.08,-1.5326,1.2539,141374395.0,730291688.0,474853593490.0,57950731688.5
444,2021-10-13,601658,邮储银行,5.14,5.17,5.06,5.14,5.14,0.0,0.0,0.6925,78080906.0,399920526.0,474853593490.0,57950731688.5
445,2021-10-14,601658,邮储银行,5.13,5.15,5.08,5.13,5.14,-0.01,-0.1946,0.5743,64747726.0,331251689.0,473929753814.0,57837987074.3
446,2021-10-15,601658,邮储银行,5.11,5.18,5.09,5.1,5.13,-0.02,-0.3899,0.9164,103320299.0,529307373.0,472082074462.0,57612497846.0
447,2021-10-18,601658,邮储银行,5.23,5.25,5.09,5.12,5.11,0.12,2.3483,1.5811,178255142.0,926895809.0,483168150574.0,58965433216.1
448,2021-10-19,601658,邮储银行,5.31,5.33,5.17,5.2,5.23,0.08,1.5296,1.0915,123064084.0,650549548.0,490558867983.0,59867390129.6
449,2021-10-20,601658,邮储银行,5.29,5.38,5.27,5.32,5.31,-0.02,-0.3766,1.0738,121067625.0,642108700.0,488711188630.0,59641900901.2
450,2021-10-21,601658,邮储银行,5.45,5.45,5.29,5.3,5.29,0.16,3.0246,1.6804,189458677.0,1025144518.0,503492623447.0,61445814728.1
451,2021-10-22,601658,邮储银行,5.43,5.48,5.37,5.45,5.45,-0.02,-0.367,1.1124,125411540.0,679075441.0,501644944095.0,61220325499.7
452,2021-10-25,601658,邮储银行,5.35,5.4,5.27,5.4,5.43,-0.08,-1.4733,1.2058,135951374.0,723118937.0,494254226687.0,60318368586.3
453,2021-10-26,601658,邮储银行,5.32,5.4,5.29,5.32,5.35,-0.03,-0.5607,0.8245,92958735.0,496111708.0,491482707659.0,59980134743.8
454,2021-10-27,601658,邮储银行,5.34,5.36,5.26,5.32,5.32,0.02,0.3759,1.0904,122936637.0,652211763.0,493330387011.0,60205623972.1
455,2021-10-28,601658,邮储银行,5.34,5.38,5.3,5.33,5.34,0.0,0.0,1.055,118947666.0,635275782.0,493330387011.0,60205623972.1
456,2021-10-29,601658,邮储银行,5.41,5.47,5.33,5.39,5.34,0.07,1.3109,2.3862,269032402.0,1454011730.0,499797264743.0,60994836271.4
457,2021-11-01,601658,邮储银行,5.62,5.74,5.38,5.4,5.41,0.21,3.8817,2.9527,332899315.0,1866011430.0,519197897940.0,63362473169.2
458,2021-11-02,601658,邮储银行,5.52,5.67,5.48,5.65,5.62,-0.1,-1.7794,1.7516,197479334.0,1097315469.0,509959501180.0,62235027027.4
459,2021-11-03,601658,邮储银行,5.41,5.56,5.36,5.55,5.52,-0.11,-1.9928,1.1097,125114226.0,679363422.0,499797264743.0,60994836271.4
460,2021-11-04,601658,邮储银行,5.34,5.45,5.32,5.44,5.41,-0.07,-1.2939,0.784,88397145.0,473327813.0,493330387011.0,60205623972.1
461,2021-11-05,601658,邮储银行,5.39,5.42,5.3,5.32,5.34,0.05,0.9363,1.0379,117016704.0,629587661.0,497949585391.0,60769347043.0
462,2021-11-08,601658,邮储银行,5.4,5.55,5.39,5.41,5.39,0.01,0.1855,1.0473,118076999.0,643667027.0,498873425067.0,60882091657.2
463,2021-11-09,601658,邮储银行,5.34,5.46,5.26,5.44,5.4,-0.06,-1.1111,0.9394,105914789.0,565208878.0,493330387011.0,60205623972.1
464,2021-11-10,601658,邮储银行,5.37,5.4,5.29,5.32,5.34,0.03,0.5618,0.9207,103806527.0,556033752.0,496101906039.0,60543857814.7
465,2021-11-11,601658,邮储银行,5.41,5.42,5.32,5.37,5.37,0.04,0.7449,1.1728,132222509.0,711619974.0,499797264743.0,60994836271.4
466,2021-11-12,601658,邮储银行,5.34,5.42,5.32,5.41,5.41,-0.07,-1.2939,0.8767,98848358.0,529016828.0,493330387011.0,60205623972.1
467,2021-11-15,601658,邮储银行,5.35,5.37,5.3,5.32,5.34,0.01,0.1873,0.5666,63882853.0,341551381.0,494254226687.0,60318368586.3
468,2021-11-16,601658,邮储银行,5.28,5.37,5.25,5.35,5.35,-0.07,-1.3084,0.6561,73968756.0,392059777.0,487787348954.0,59529156287.0
469,2021-11-17,601658,邮储银行,5.19,5.28,5.18,5.27,5.28,-0.09,-1.7045,0.9951,112189023.0,585101861.0,479472791870.0,58514454759.4
470,2021-11-18,601658,邮储银行,5.17,5.23,5.15,5.16,5.19,-0.02,-0.3854,0.6893,77714438.0,402678297.0,477625112518.0,58288965531.1
471,2021-11-19,601658,邮储银行,5.22,5.23,5.13,5.17,5.17,0.05,0.9671,1.0471,118058076.0,611748465.0,482244310898.0,58852688602.0
472,2021-11-22,601658,邮储银行,5.14,5.22,5.13,5.21,5.22,-0.08,-1.5326,1.4437,162773436.0,840645294.0,474853593490.0,57950731688.5
473,2021-11-23,601658,邮储银行,5.17,5.2,5.13,5.14,5.14,0.03,0.5837,0.8553,96433256.0,498372910.0,477625112518.0,58288965531.1
474,2021-11-24,601658,邮储银行,5.2,5.23,5.16,5.16,5.17,0.03,0.5803,0.8049,90744688.0,471662890.0,480396631546.0,58627199373.6
475,2021-11-25,601658,邮储银行,5.22,5.25,5.18,5.19,5.2,0.02,0.3846,0.663,74744680.0,389945921.0,482244310898.0,58852688602.0
476,2021-11-26,601658,邮储银行,5.15,5.22,5.15,5.2,5.22,-0.07,-1.341,0.5892,66432276.0,343577796.0,475777433166.0,58063476302.7
477,2021-11-29,601658,邮储银行,5.09,5.16,5.08,5.11,5.15,-0.06,-1.165,0.7588,85555037.0,437277802.0,470234395109.0,57387008617.6
478,2021-11-30,601658,邮储银行,5.08,5.13,5.04,5.1,5.09,-0.01,-0.1965,0.8906,100413286.0,511673600.0,469310555433.0,57274264003.4
479,2021-12-01,601658,邮储银行,5.2,5.22,5.08,5.11,5.08,0.12,2.3622,0.8358,94226652.0,487469150.0,480396631546.0,58627199373.6
480,2021-12-02,601658,邮储银行,5.27,5.3,5.16,5.19,5.2,0.07,1.3462,1.1784,132858867.0,697071796.0,486863509278.0,59416411672.9
481,2021-12-03,601658,邮储银行,5.25,5.28,5.17,5.27,5.27,-0.02,-0.3795,0.9064,102186312.0,533656544.0,485015829926.0,59190922444.5
482,2021-12-06,601658,邮储银行,5.29,5.4,5.26,5.27,5.25,0.04,0.7619,1.1739,132347128.0,705172197.0,488711188630.0,59641900901.2
483,2021-12-07,601658,邮储银行,5.37,5.42,5.3,5.34,5.29,0.08,1.5123,1.7524,197572002.0,1060098926.0,496101906039.0,60543857814.7
484,2021-12-08,601658,邮储银行,5.29,5.38,5.26,5.37,5.37,-0.08,-1.4898,1.2827,144618694.0,765161340.0,488711188630.0,59641900901.2
485,2021-12-09,601658,邮储银行,5.35,5.38,5.27,5.29,5.29,0.06,1.1342,1.278,144085858.0,768332351.0,494254226687.0,60318368586.3
486,2021-12-10,601658,邮储银行,5.29,5.35,5.25,5.3,5.35,-0.06,-1.1215,1.0174,114703245.0,606771377.0,488711188630.0,59641900901.2
487,2021-12-13,601658,邮储银行,5.28,5.38,5.28,5.3,5.29,-0.01,-0.189,1.358,153102484.0,816181629.0,487787348954.0,59529156287.0
488,2021-12-14,601658,邮储银行,5.21,5.29,5.15,5.26,5.28,-0.07,-1.3258,1.3109,147794263.0,767484048.0,481320471222.0,58739943987.8
489,2021-12-15,601658,邮储银行,5.29,5.31,5.17,5.19,5.21,0.08,1.5355,1.2281,138458248.0,727566623.0,488711188630.0,59641900901.2
490,2021-12-16,601658,邮储银行,5.33,5.36,5.26,5.32,5.29,0.04,0.7561,0.9427,106289460.0,565361547.0,492406547335.0,60092879357.9
491,2021-12-17,601658,邮储银行,5.28,5.35,5.27,5.33,5.33,-0.05,-0.9381,0.6492,73194217.0,388083819.0,487787348954.0,59529156287.0
492,2021-12-20,601658,邮储银行,5.27,5.3,5.25,5.26,5.28,-0.01,-0.1894,0.4753,53582056.0,282461240.0,486863509278.0,59416411672.9
493,2021-12-21,601658,邮储银行,5.32,5.36,5.26,5.28,5.27,0.05,0.9488,0.6687,75388495.0,400362873.0,491482707659.0,59980134743.8
494,2021-12-22,601658,邮储银行,5.26,5.33,5.25,5.32,5.32,-0.06,-1.1278,0.8868,99985316.0,527422892.0,485939669602.0,59303667058.7
495,2021-12-23,601658,邮储银行,5.3,5.31,5.26,5.27,5.26,0.04,0.7605,0.6324,71297934.0,376814272.0,489635028306.0,59754645515.4
496,2021-12-24,601658,邮储银行,5.28,5.32,5.26,5.3,5.3,-0.02,-0.3774,0.6635,74809230.0,395445996.0,487787348954.0,59529156287.0
497,2021-12-27,601658,邮储银行,5.22,5.3,5.2,5.29,5.28,-0.06,-1.1364,0.6232,70262261.0,368891088.0,482244310898.0,58852688602.0
498,2021-12-28,601658,邮储银行,5.2,5.24,5.16,5.22,5.22,-0.02,-0.3831,0.8634,97343446.0,505118312.0,480396631546.0,58627199373.6
499,2021-12-29,601658,邮储银行,5.14,5.21,5.12,5.2,5.2,-0.06,-1.1538,0.9242,104196500.0,537399572.0,474853593490.0,57950731688.5
500,2021-12-30,601658,邮储银行,5.11,5.16,5.08,5.14,5.14,-0.03,-0.5837,1.0857,122403994.0,626073646.0,472082074462.0,57612497846.0
501,2021-12-31,601658,邮储银行,5.1,5.15,5.08,5.11,5.11,-0.01,-0.1957,0.9607,108318819.0,552760027.0,471158234786.0,57499753231.8
502,2022-01-04,601658,邮储银行,5.16,5.17,5.08,5.11,5.1,0.06,1.1765,1.0163,114587296.0,587428710.0,476701272842.0,58176220916.9
503,2022-01-05,601658,邮储银行,5.32,5.32,5.14,5.16,5.16,0.16,3.1008,1.9309,217698405.0,1143805315.0,491482707659.0,59980134743.8
504,2022-01-06,601658,邮储银行,5.28,5.37,5.26,5.35,5.32,-0.04,-0.7519,1.0884,122707590.0,650854289.0,487787348954.0,59529156287.0
505,2022-01-07,601658,邮储银行,5.52,5.53,5.29,5.29,5.28,0.24,4.5455,2.5494,287432511.0,1567801057.0,509959501180.0,62235027027.4
506,2022-01-10,601658,邮储银行,5.6,5.63,5.46,5.53,5.52,0.08,1.4493,2.1525,242682515.0,1346148022.0,517350218588.0,63136983940.8
507,2022-01-11,601658,邮储银行,5.63,5.73,5.53,5.63,5.6,0.03,0.5357,2.0557,231772865.0,1307988969.0,520121737616.0,63475217783.3
508,2022-01-12,601658,邮储银行,5.6,5.65,5.54,5.63,5.63,-0.03,-0.5329,1.3132,148058623.0,828270235.0,517350218588.0,63136983940.8
509,2022-01-13,601658,邮储银行,5.64,5.72,5.55,5.56,5.6,0.04,0.7143,1.0952,123475176.0,696964535.0,521045577292.0,63587962397.5
510,2022-01-14,601658,邮储银行,5.5,5.63,5.45,5.62,5.64,-0.14,-2.4823,1.6116,181702593.0,1000722833.0,508111821828.0,62009537799.0
511,2022-01-17,601658,邮储银行,5.52,5.57,5.41,5.51,5.5,0.02,0.3636,1.3871,156391958.0,856865514.0,509959501180.0,62235027027.4
512,2022-01-18,601658,邮储银行,5.63,5.67,5.5,5.52,5.52,0.11,1.9928,1.6004,180439540.0,1010697538.0,520121737616.0,63475217783.3
513,2022-01-19,601658,邮储银行,5.65,5.67,5.59,5.63,5.63,0.02,0.3552,0.9601,108242261.0,609802029.0,521969416968.0,63700707011.7
514,2022-01-20,601658,邮储银行,5.78,5.83,5.61,5.65,5.65,0.13,2.3009,2.2674,255633060.0,1473105455.0,533979332757.0,65166386996.0
515,2022-01-21,601658,邮储银行,5.74,5.79,5.68,5.75,5.78,-0.04,-0.692,1.5434,174008756.0,997320946.0,530283974053.0,64715408539.3
516,2022-01-24,601658,邮储银行,5.73,5.84,5.67,5.74,5.74,-0.01,-0.1742,1.1933,134537841.0,772294313.0,529360134377.0,64602663925.1
517,2022-01-25,601658,邮储银行,5.69,5.82,5.66,5.71,5.73,-0.04,-0.6981,1.2957,146082417.0,840781351.0,525664775672.0,64151685468.4
518,2022-01-26,601658,邮储银行,5.72,5.75,5.65,5.68,5.69,0.03,0.5272,0.748,84335595.0,481317978.0,528436294701.0,64489919311.0
519,2022-01-27,601658,邮储银行,5.65,5.72,5.61,5.72,5.72,-0.07,-1.2238,0.8643,97449116.0,552833850.0,521969416968.0,63700707011.7
520,2022-01-28,601658,邮储银行,5.62,5.75,5.57,5.66,5.65,-0.03,-0.531,1.0104,113921317.0,646422017.0,519197897940.0,63362473169.2
521,2022-02-07,601658,邮储银行,5.79,5.89,5.7,5.7,5.62,0.17,3.0249,1.4783,166672671.0,964748950.0,534903172433.0,65279131610.2
522,2022-02-08,601658,邮储银行,5.89,5.94,5.79,5.79,5.79,0.1,1.7271,1.6351,184344631.0,1083644939.0,544141569193.0,66406577752.0
523,2022-02-09,601658,邮储银行,5.88,5.99,5.85,5.9,5.89,-0.01,-0.1698,1.3709,154563395.0,915459759.0,543217729517.0,66293833137.8
524,2022-02-10,601658,邮储银行,5.94,5.95,5.81,5.87,5.88,0.06,1.0204,0.8752,98675260.0,582190501.0,548760767574.0,66970300822.9
525,2022-02-11,601658,邮储银行,6.02,6.09,5.89,5.93,5.94,0.08,1.3468,1.6566,186772861.0,1126072959.0,556151484982.0,67872257736.4
526,2022-02-14,601658,邮储银行,5.84,6.05,5.81,6.02,6.02,-0.18,-2.99,1.5249,171923345.0,1013032184.0,539522370813.0,65842854681.1
527,2022-02-15,601658,邮储银行,5.64,5.88,5.59,5.83,5.84,-0.2,-3.4247,2.4785,279434474.0,1587126257.0,521045577292.0,63587962397.5
528,2022-02-16,601658,邮储银行,5.7,5.73,5.6,5.66,5.64,0.06,1.0638,1.3722,154711450.0,879278126.0,526588615348.0,64264430082.6
529,2022-02-17,601658,邮储银行,5.72,5.81,5.67,5.72,5.7,0.02,0.3509,0.9264,104448208.0,600219968.0,528436294701.0,64489919311.0
530,2022-02-18,601658,邮储银行,5.79,5.81,5.68,5.69,5.72,0.07,1.2238,0.8871,100013013.0,575817400.0,534903172433.0,65279131610.2
531,2022-02-21,601658,邮储银行,5.71,5.77,5.62,5.76,5.79,-0.08,-1.3817,1.2283,138486916.0,786561627.0,527512455025.0,64377174696.8
532,2022-02-22,601658,邮储银行,5.71,5.76,5.65,5.67,5.71,0.0,0.0,0.8089,91198993.0,519500804.0,527512455025.0,64377174696.8
533,2022-02-23,601658,邮储银行,5.64,5.74,5.61,5.7,5.71,-0.07,-1.2259,1.2047,135824894.0,767778460.0,521045577292.0,63587962397.5
534,2022-02-24,601658,邮储银行,5.55,5.65,5.53,5.63,5.64,-0.09,-1.5957,1.2107,136494486.0,762539057.0,512731020208.0,62573260869.9
535,2022-02-25,601658,邮储银行,5.54,5.62,5.49,5.59,5.55,-0.01,-0.1802,1.1296,127353465.0,705708149.0,511807180532.0,62460516255.7
536,2022-02-28,601658,邮储银行,5.58,5.58,5.46,5.53,5.54,0.04,0.722,1.1235,126671668.0,701294422.0,515502539236.0,62911494712.4
537,2022-03-01,601658,邮储银行,5.67,5.7,5.5,5.52,5.58,0.09,1.6129,1.4282,161019999.0,900276152.0,523817096320.0,63926196240.1
538,2022-03-02,601658,邮储银行,5.66,5.75,5.61,5.62,5.67,-0.01,-0.1764,1.1149,125697413.0,715475937.0,522893256644.0,63813451625.9
539,2022-03-03,601658,邮储银行,5.81,5.83,5.68,5.71,5.66,0.15,2.6502,1.2858,144962859.0,838883785.0,536750851785.0,65504620838.6
540,2022-03-04,601658,邮储银行,5.8,5.83,5.67,5.77,5.81,-0.01,-0.1721,1.2374,139506795.0,805358938.0,535827012109.0,65391876224.4
541,2022-03-07,601658,邮储银行,5.74,5.87,5.7,5.76,5.8,-0.06,-1.0345,1.1744,132404978.0,763433623.0,530283974053.0,64715408539.3
542,2022-03-08,601658,邮储银行,5.6,5.81,5.58,5.71,5.74,-0.14,-2.439,1.3096,147655903.0,841716735.0,517350218588.0,63136983940.8
543,2022-03-09,601658,邮储银行,5.47,5.67,5.28,5.63,5.6,-0.13,-2.3214,1.5276,172224806.0,946381996.0,505340302799.0,61671303956.5
544,2022-03-10,601658,邮储银行,5.41,5.56,5.35,5.54,5.47,-0.06,-1.0969,1.6521,186261998.0,1013015345.0,499797264743.0,60994836271.4
545,2022-03-11,601658,邮储银行,5.36,5.38,5.18,5.3,5.41,-0.05,-0.9242,1.5961,179950950.0,952106194.0,495178066363.0,60431113200.5
